Entry Date,Exit Date,Stock,Entry Price,Exit Price,Allocation,Return,P&L,Stop Hit,Holding Days
2010-02-26,2010-03-31,TITAN.NS,80.5697,84.9229,100000.0,0.05403,5403.01,False,33
2010-02-26,2010-03-31,HEROMOTOCO.NS,1026.0232,1122.2681,100000.0,0.093804,9380.38,False,33
2010-02-26,2010-03-31,ADANIPORTS.NS,123.7845,145.0475,100000.0,0.171774,17177.42,False,33
2010-02-26,2010-03-31,ULTRACEMCO.NS,970.8498,1078.0114,100000.0,0.110379,11037.91,False,33
2010-02-26,2010-03-31,HINDALCO.NS,142.9019,159.2435,100000.0,0.114356,11435.58,False,33
2010-03-31,2010-04-30,ADANIPORTS.NS,145.0475,135.7524,110886.86,-0.064083,-7105.97,False,30
2010-03-31,2010-04-30,SUNPHARMA.NS,159.641,135.6949,110886.86,-0.15,-16633.03,True,30
2010-03-31,2010-04-30,JSWSTEEL.NS,103.1927,102.591,110886.86,-0.005831,-646.57,False,30
2010-03-31,2010-04-30,INDUSINDBK.NS,154.5167,176.1363,110886.86,0.139917,15514.99,False,30
2010-03-31,2010-04-30,HDFCBANK.NS,84.9535,87.8952,110886.86,0.034626,3839.61,False,30
2010-04-30,2010-05-31,BAJFINANCE.NS,3.7845,4.0281,109880.67,0.064366,7072.54,False,31
2010-04-30,2010-05-31,EICHERMOT.NS,71.6405,75.9117,109880.67,0.05962,6551.1,False,31
2010-04-30,2010-05-31,ADANIENT.NS,71.6935,69.1702,109880.67,-0.035197,-3867.44,False,31
2010-04-30,2010-05-31,TITAN.NS,98.2409,102.5202,109880.67,0.04356,4786.38,False,31
2010-04-30,2010-05-31,UPL.NS,94.9608,101.6282,109880.67,0.070212,7714.92,False,31
2010-05-31,2010-06-30,BAJAJFINSV.NS,42.5966,42.2248,114332.17,-0.00873,-998.12,False,30
2010-05-31,2010-06-30,IOC.NS,26.064,29.7505,114332.17,0.141442,16171.32,False,30
2010-05-31,2010-06-30,BPCL.NS,22.2807,25.4092,114332.17,0.140411,16053.55,False,30
2010-05-31,2010-06-30,DRREDDY.NS,251.6229,260.1188,114332.17,0.033764,3860.36,False,30
2010-05-31,2010-06-30,ONGC.NS,94.4519,106.8357,114332.17,0.131112,14990.35,False,30
2010-06-30,2010-07-30,TECHM.NS,127.2533,121.9232,124347.66,-0.041886,-5208.43,False,30
2010-06-30,2010-07-30,MARUTI.NS,1256.7203,1068.2123,124347.66,-0.15,-18652.15,True,30
2010-06-30,2010-07-30,IOC.NS,29.7505,26.7172,124347.66,-0.10196,-12678.48,False,30
2010-06-30,2010-07-30,BPCL.NS,25.4092,24.5964,124347.66,-0.031988,-3977.63,False,30
2010-06-30,2010-07-30,ONGC.NS,106.8357,100.3566,124347.66,-0.060645,-7541.08,False,30
2010-07-30,2010-08-31,BAJFINANCE.NS,5.0822,5.4788,114736.11,0.078031,8953.03,False,32
2010-07-30,2010-08-31,TITAN.NS,130.2403,136.0797,114736.11,0.044836,5144.26,False,32
2010-07-30,2010-08-31,BHARTIARTL.NS,254.7946,272.724,114736.11,0.070368,8073.76,False,32
2010-07-30,2010-08-31,ASIANPAINT.NS,227.6455,241.5753,114736.11,0.061191,7020.77,False,32
2010-07-30,2010-08-31,TATASTEEL.NS,34.7236,29.515,114736.11,-0.15,-17210.42,True,32
2010-08-31,2010-09-30,EICHERMOT.NS,112.3223,109.3704,117132.39,-0.02628,-3078.28,False,30
2010-08-31,2010-09-30,BPCL.NS,29.1856,29.2776,117132.39,0.003152,369.24,False,30
2010-08-31,2010-09-30,IOC.NS,30.3446,31.7292,117132.39,0.045628,5344.56,False,30
2010-08-31,2010-09-30,ADANIENT.NS,83.7154,85.3508,117132.39,0.019536,2288.24,False,30
2010-08-31,2010-09-30,GRASIM.NS,280.9942,308.6814,117132.39,0.098533,11541.4,False,30
2010-09-30,2010-10-29,BAJFINANCE.NS,6.9092,6.9173,120425.42,0.001164,140.12,False,29
2010-09-30,2010-10-29,TATASTEEL.NS,42.15,38.1119,120425.42,-0.095804,-11537.28,False,29
2010-09-30,2010-10-29,INDUSINDBK.NS,243.8491,241.7399,120425.42,-0.00865,-1041.64,False,29
2010-09-30,2010-10-29,HINDALCO.NS,174.4669,186.3754,120425.42,0.068257,8219.84,False,29
2010-09-30,2010-10-29,JSWSTEEL.NS,112.465,113.1819,120425.42,0.006374,767.64,False,29
2010-10-29,2010-11-30,DRREDDY.NS,299.8044,322.7648,119735.16,0.076585,9169.86,False,32
2010-10-29,2010-11-30,APOLLOHOSP.NS,489.459,449.9759,119735.16,-0.080667,-9658.66,False,32
2010-10-29,2010-11-30,TCS.NS,376.6848,385.6816,119735.16,0.023884,2859.78,False,32
2010-10-29,2010-11-30,UPL.NS,112.3109,106.2248,119735.16,-0.05419,-6488.41,False,32
2010-10-29,2010-11-30,RELIANCE.NS,224.4587,201.803,119735.16,-0.100935,-12085.46,False,32
2010-11-30,2010-12-31,INDUSINDBK.NS,268.1056,227.8898,116494.58,-0.15,-17474.19,True,31
2010-11-30,2010-12-31,BHARTIARTL.NS,300.0506,298.9259,116494.58,-0.003748,-436.66,False,31
2010-11-30,2010-12-31,DRREDDY.NS,322.7648,300.3915,116494.58,-0.069318,-8075.13,False,31
2010-11-30,2010-12-31,HEROMOTOCO.NS,1210.3464,1028.7945,116494.58,-0.15,-17474.19,True,31
2010-11-30,2010-12-31,SUNPHARMA.NS,200.9261,217.7167,116494.58,0.083566,9734.98,False,31
2010-12-31,2011-01-31,HINDALCO.NS,218.6923,203.3307,109749.54,-0.070243,-7709.13,False,31
2010-12-31,2011-01-31,WIPRO.NS,76.1216,68.1909,109749.54,-0.104184,-11434.2,False,31
2010-12-31,2011-01-31,TATASTEEL.NS,43.9961,41.3644,109749.54,-0.059818,-6564.97,False,31
2010-12-31,2011-01-31,HCLTECH.NS,77.5375,83.7359,109749.54,0.07994,8773.39,False,31
2010-12-31,2011-01-31,INFY.NS,298.4745,270.2937,109749.54,-0.094416,-10362.11,False,31
2011-01-31,2011-02-28,APOLLOHOSP.NS,461.1363,436.049,104290.14,-0.054403,-5673.71,False,28
2011-01-31,2011-02-28,HCLTECH.NS,83.7359,75.4946,104290.14,-0.098421,-10264.3,False,28
2011-01-31,2011-02-28,TITAN.NS,167.1568,142.0833,104290.14,-0.15,-15643.52,True,28
2011-01-31,2011-02-28,TCS.NS,416.3119,398.6291,104290.14,-0.042475,-4429.7,False,28
2011-01-31,2011-02-28,IOC.NS,25.6506,22.7578,104290.14,-0.112776,-11761.46,False,28
2011-02-28,2011-03-31,COALINDIA.NS,110.2035,116.5258,94735.6,0.057369,5434.91,False,31
2011-02-28,2011-03-31,ADANIENT.NS,78.6932,85.8337,94735.6,0.090738,8596.11,False,31
2011-02-28,2011-03-31,NESTLEIND.NS,148.8375,155.0386,94735.6,0.041663,3947.0,False,31
2011-02-28,2011-03-31,BAJAJFINSV.NS,41.9027,50.7615,94735.6,0.211414,20028.44,False,31
2011-02-28,2011-03-31,KOTAKBANK.NS,40.057,45.2786,94735.6,0.130354,12349.2,False,31
2011-03-31,2011-04-29,EICHERMOT.NS,121.5101,112.7559,104806.73,-0.072045,-7550.79,False,29
2011-03-31,2011-04-29,ULTRACEMCO.NS,1062.8571,1023.0764,104806.73,-0.037428,-3922.71,False,29
2011-03-31,2011-04-29,BAJAJFINSV.NS,50.7615,51.1682,104806.73,0.008011,839.58,False,29
2011-03-31,2011-04-29,INDUSINDBK.NS,241.7399,238.255,104806.73,-0.014416,-1510.89,False,29
2011-03-31,2011-04-29,SHREECEM.NS,1941.5054,1885.278,104806.73,-0.028961,-3035.28,False,29
2011-04-29,2011-05-31,HEROMOTOCO.NS,1086.9384,1178.9469,101770.71,0.084649,8614.82,False,32
2011-04-29,2011-05-31,ASIANPAINT.NS,243.4013,274.8771,101770.71,0.129316,13160.63,False,32
2011-04-29,2011-05-31,COALINDIA.NS,127.9766,137.3592,101770.71,0.073315,7461.3,False,32
2011-04-29,2011-05-31,HCLTECH.NS,89.2756,88.1793,101770.71,-0.01228,-1249.7,False,32
2011-04-29,2011-05-31,NESTLEIND.NS,168.4337,171.2347,101770.71,0.016629,1692.38,False,32
2011-05-31,2011-06-30,BRITANNIA.NS,173.1209,197.2879,107706.6,0.139596,15035.38,False,30
2011-05-31,2011-06-30,ASIANPAINT.NS,274.8771,281.4768,107706.6,0.02401,2586.0,False,30
2011-05-31,2011-06-30,ADANIPORTS.NS,149.5609,150.0241,107706.6,0.003097,333.57,False,30
2011-05-31,2011-06-30,DIVISLAB.NS,336.6206,346.0865,107706.6,0.02812,3028.73,False,30
2011-05-31,2011-06-30,TITAN.NS,204.6093,198.9487,107706.6,-0.027666,-2979.79,False,30
2011-06-30,2011-07-29,BRITANNIA.NS,197.2879,201.1307,111307.38,0.019478,2168.1,False,29
2011-06-30,2011-07-29,HINDUNILVR.NS,261.9578,249.5807,111307.38,-0.047248,-5259.08,False,29
2011-06-30,2011-07-29,ADANIENT.NS,92.0599,78.2509,111307.38,-0.15,-16696.11,True,29
2011-06-30,2011-07-29,NTPC.NS,93.2882,87.8976,111307.38,-0.057785,-6431.87,False,29
2011-06-30,2011-07-29,LT.NS,655.63,620.3275,111307.38,-0.053845,-5993.36,False,29
2011-07-29,2011-08-30,BAJFINANCE.NS,6.3632,5.4087,104864.91,-0.15,-15729.74,True,32
2011-07-29,2011-08-30,APOLLOHOSP.NS,498.0654,504.9174,104864.91,0.013757,1442.65,False,32
2011-07-29,2011-08-30,BHARTIARTL.NS,364.2847,337.9785,104864.91,-0.072213,-7572.64,False,32
2011-07-29,2011-08-30,ULTRACEMCO.NS,966.998,1010.9572,104864.91,0.045459,4767.1,False,32
2011-07-29,2011-08-30,TATACONSUM.NS,87.7734,74.6074,104864.91,-0.15,-15729.74,True,32
2011-08-30,2011-09-30,HEROMOTOCO.NS,1327.8187,1256.6309,98300.44,-0.053613,-5270.15,False,31
2011-08-30,2011-09-30,BAJAJ-AUTO.NS,1099.2224,1072.9563,98300.44,-0.023895,-2348.91,False,31
2011-08-30,2011-09-30,ADANIPORTS.NS,140.8995,152.2474,98300.44,0.080539,7917.03,False,31
2011-08-30,2011-09-30,ASIANPAINT.NS,290.398,279.0421,98300.44,-0.039104,-3843.99,False,31
2011-08-30,2011-09-30,ULTRACEMCO.NS,1010.9572,1078.405,98300.44,0.066717,6558.29,False,31
2011-09-30,2011-10-31,EICHERMOT.NS,145.1514,152.8526,98902.89,0.053056,5247.41,False,31
2011-09-30,2011-10-31,SHREECEM.NS,1740.709,1786.1154,98902.89,0.026085,2579.88,False,31
2011-09-30,2011-10-31,M&M.NS,348.4634,374.7037,98902.89,0.075303,7447.67,False,31
2011-09-30,2011-10-31,GRASIM.NS,329.4466,348.952,98902.89,0.059207,5855.7,False,31
2011-09-30,2011-10-31,INFY.NS,221.193,252.6651,98902.89,0.142283,14072.25,False,31
2011-10-31,2011-11-30,TATASTEEL.NS,31.8535,27.0755,105943.47,-0.15,-15891.52,True,30
2011-10-31,2011-11-30,INFY.NS,252.6651,228.8962,105943.47,-0.094073,-9966.4,False,30
2011-10-31,2011-11-30,AXISBANK.NS,215.627,183.2829,105943.47,-0.15,-15891.52,True,30
2011-10-31,2011-11-30,DRREDDY.NS,304.0133,287.054,105943.47,-0.055785,-5910.05,False,30
2011-10-31,2011-11-30,BAJAJ-AUTO.NS,1208.4423,1165.8999,105943.47,-0.035204,-3729.67,False,30
2011-11-30,2011-12-30,APOLLOHOSP.NS,576.4139,489.9518,95665.64,-0.15,-14349.85,True,30
2011-11-30,2011-12-30,CIPLA.NS,301.6549,294.1606,95665.64,-0.024844,-2376.71,False,30
2011-11-30,2011-12-30,SHREECEM.NS,1970.0968,1987.9481,95665.64,0.009061,866.84,False,30
2011-11-30,2011-12-30,HINDUNILVR.NS,308.756,316.7247,95665.64,0.025809,2469.02,False,30
2011-11-30,2011-12-30,SUNPHARMA.NS,237.6133,225.0204,95665.64,-0.052997,-5070.02,False,30
2011-12-30,2012-01-31,TATACONSUM.NS,75.6772,90.5019,91973.5,0.195893,18017.01,False,32
2011-12-30,2012-01-31,GRASIM.NS,350.1197,367.5219,91973.5,0.049704,4571.43,False,32
2011-12-30,2012-01-31,INFY.NS,243.0153,241.1143,91973.5,-0.007822,-719.46,False,32
2011-12-30,2012-01-31,WIPRO.NS,62.6562,65.3593,91973.5,0.043141,3967.84,False,32
2011-12-30,2012-01-31,TCS.NS,421.8434,412.7128,91973.5,-0.021644,-1990.71,False,32
2012-01-31,2012-02-29,ADANIENT.NS,54.066,45.9561,96742.72,-0.15,-14511.41,True,29
2012-01-31,2012-02-29,JSWSTEEL.NS,59.827,69.1581,96742.72,0.155968,15088.79,False,29
2012-01-31,2012-02-29,TATASTEEL.NS,29.7423,31.1773,96742.72,0.048247,4667.58,False,29
2012-01-31,2012-02-29,AXISBANK.NS,199.9481,219.0492,96742.72,0.09553,9241.87,False,29
2012-01-31,2012-02-29,LT.NS,475.4695,474.472,96742.72,-0.002098,-202.96,False,29
2012-02-29,2012-03-30,BAJAJFINSV.NS,62.2927,59.3471,99599.49,-0.047285,-4709.58,False,30
2012-02-29,2012-03-30,SHREECEM.NS,2645.554,3041.1138,99599.49,0.149519,14891.99,False,30
2012-02-29,2012-03-30,TATACONSUM.NS,105.4525,89.6347,99599.49,-0.15,-14939.92,True,30
2012-02-29,2012-03-30,ULTRACEMCO.NS,1328.5464,1430.7096,99599.49,0.076898,7659.05,False,30
2012-02-29,2012-03-30,BPCL.NS,26.4093,27.9247,99599.49,0.05738,5715.03,False,30
2012-03-30,2012-04-30,TECHM.NS,126.1542,122.8285,101322.8,-0.026362,-2671.04,False,31
2012-03-30,2012-04-30,EICHERMOT.NS,181.8698,208.3836,101322.8,0.145785,14771.31,False,31
2012-03-30,2012-04-30,SHREECEM.NS,3041.1138,2584.9467,101322.8,-0.15,-15198.42,True,31
2012-03-30,2012-04-30,BRITANNIA.NS,247.4748,234.4542,101322.8,-0.052614,-5330.98,False,31
2012-03-30,2012-04-30,APOLLOHOSP.NS,603.7272,595.7411,101322.8,-0.013228,-1340.29,False,31
2012-04-30,2012-05-31,BAJAJFINSV.NS,71.0127,63.6368,99368.92,-0.103868,-10321.21,False,31
2012-04-30,2012-05-31,EICHERMOT.NS,208.3836,209.3325,99368.92,0.004553,452.47,False,31
2012-04-30,2012-05-31,DIVISLAB.NS,376.2785,410.2499,99368.92,0.090283,8971.29,False,31
2012-04-30,2012-05-31,HEROMOTOCO.NS,1450.3269,1232.7779,99368.92,-0.15,-14905.34,True,31
2012-04-30,2012-05-31,ASIANPAINT.NS,312.6475,356.5067,99368.92,0.140283,13939.78,False,31
2012-05-31,2012-06-29,ASIANPAINT.NS,356.5067,347.4879,98996.32,-0.025298,-2504.39,False,29
2012-05-31,2012-06-29,DIVISLAB.NS,410.2499,450.5278,98996.32,0.098179,9719.35,False,29
2012-05-31,2012-06-29,APOLLOHOSP.NS,633.0251,583.4075,98996.32,-0.078382,-7759.5,False,29
2012-05-31,2012-06-29,BPCL.NS,27.821,29.6674,98996.32,0.066366,6569.98,False,29
2012-05-31,2012-06-29,HINDUNILVR.NS,332.7397,353.3416,98996.32,0.061916,6129.47,False,29
2012-06-29,2012-07-31,SHREECEM.NS,2878.2124,2948.9382,101427.3,0.024573,2492.36,False,32
2012-06-29,2012-07-31,LT.NS,507.0272,496.7255,101427.3,-0.020318,-2060.78,False,32
2012-06-29,2012-07-31,HEROMOTOCO.NS,1391.0145,1297.5641,101427.3,-0.067181,-6814.04,False,32
2012-06-29,2012-07-31,ITC.NS,109.8674,109.5491,101427.3,-0.002897,-293.85,False,32
2012-06-29,2012-07-31,ICICIBANK.NS,143.066,152.9112,101427.3,0.068816,6979.81,False,32
2012-07-31,2012-08-31,BAJFINANCE.NS,9.549,9.6534,101488.0,0.010938,1110.04,False,31
2012-07-31,2012-08-31,TATACONSUM.NS,106.6704,110.8313,101488.0,0.039007,3958.72,False,31
2012-07-31,2012-08-31,BAJAJFINSV.NS,72.4208,77.4395,101488.0,0.069299,7033.02,False,31
2012-07-31,2012-08-31,HCLTECH.NS,90.4814,94.992,101488.0,0.049851,5059.26,False,31
2012-07-31,2012-08-31,GRASIM.NS,403.7894,424.6773,101488.0,0.05173,5249.93,False,31
2012-08-31,2012-09-28,TECHM.NS,140.5527,171.0797,105970.19,0.217193,23015.95,False,28
2012-08-31,2012-09-28,CIPLA.NS,348.2175,351.5937,105970.19,0.009696,1027.47,False,28
2012-08-31,2012-09-28,HINDUNILVR.NS,404.1163,428.2409,105970.19,0.059697,6326.11,False,28
2012-08-31,2012-09-28,EICHERMOT.NS,195.6878,210.8698,105970.19,0.077583,8221.48,False,28
2012-08-31,2012-09-28,M&M.NS,336.2029,380.9403,105970.19,0.133067,14101.13,False,28
2012-09-28,2012-10-31,ADANIENT.NS,27.0729,28.9841,116508.62,0.070594,8224.83,False,33
2012-09-28,2012-10-31,SBIN.NS,193.0281,181.7984,116508.62,-0.058177,-6778.07,False,33
2012-09-28,2012-10-31,TECHM.NS,171.0797,166.9262,116508.62,-0.024279,-2828.66,False,33
2012-09-28,2012-10-31,LT.NS,585.9233,596.9498,116508.62,0.018819,2192.58,False,33
2012-09-28,2012-10-31,TITAN.NS,245.7211,243.9803,116508.62,-0.007084,-825.37,False,33
2012-10-31,2012-11-30,DIVISLAB.NS,533.2938,526.9564,116505.68,-0.011883,-1384.48,False,30
2012-10-31,2012-11-30,BAJFINANCE.NS,11.8224,12.6726,116505.68,0.071921,8379.15,False,30
2012-10-31,2012-11-30,SHREECEM.NS,4006.6887,4168.6411,116505.68,0.040421,4709.22,False,30
2012-10-31,2012-11-30,ADANIENT.NS,28.9841,32.2681,116505.68,0.113304,13200.55,False,30
2012-10-31,2012-11-30,NESTLEIND.NS,200.9237,203.8007,116505.68,0.014319,1668.22,False,30
2012-11-30,2012-12-31,BHARTIARTL.NS,282.5582,265.873,121820.21,-0.05905,-7193.53,False,31
2012-11-30,2012-12-31,TITAN.NS,293.2845,267.5504,121820.21,-0.087744,-10689.05,False,31
2012-11-30,2012-12-31,EICHERMOT.NS,249.8332,265.1931,121820.21,0.061481,7489.59,False,31
2012-11-30,2012-12-31,INDUSINDBK.NS,387.4528,387.7317,121820.21,0.00072,87.7,False,31
2012-11-30,2012-12-31,CIPLA.NS,383.5526,383.1825,121820.21,-0.000965,-117.53,False,31
2012-12-31,2013-01-31,ADANIENT.NS,36.5212,33.6544,119735.65,-0.078496,-9398.83,False,31
2012-12-31,2013-01-31,HINDALCO.NS,118.5092,105.5232,119735.65,-0.109579,-13120.47,False,31
2012-12-31,2013-01-31,TATASTEEL.NS,29.0924,27.4901,119735.65,-0.055076,-6594.53,False,31
2012-12-31,2013-01-31,UPL.NS,75.6665,77.3519,119735.65,0.022274,2666.95,False,31
2012-12-31,2013-01-31,BAJAJ-AUTO.NS,1532.2935,1457.5177,119735.65,-0.0488,-5843.09,False,31
2013-01-31,2013-02-28,ONGC.NS,120.7777,111.4447,113277.65,-0.077274,-8753.42,False,28
2013-01-31,2013-02-28,IOC.NS,26.215,23.4437,113277.65,-0.105713,-11974.97,False,28
2013-01-31,2013-02-28,INFY.NS,249.8993,260.4257,113277.65,0.042122,4771.51,False,28
2013-01-31,2013-02-28,BPCL.NS,33.201,30.0867,113277.65,-0.0938,-10625.43,False,28
2013-01-31,2013-02-28,ADANIPORTS.NS,140.6197,129.5047,113277.65,-0.079043,-8953.86,False,28
2013-02-28,2013-03-28,TCS.NS,563.9943,585.8363,106170.42,0.038727,4111.71,False,28
2013-02-28,2013-03-28,SUNPHARMA.NS,364.9794,372.6234,106170.42,0.020944,2223.62,False,28
2013-02-28,2013-03-28,TECHM.NS,184.9836,186.4709,106170.42,0.00804,853.6,False,28
2013-02-28,2013-03-28,HCLTECH.NS,127.4325,140.0453,106170.42,0.098977,10508.41,False,28
2013-02-28,2013-03-28,INFY.NS,260.4257,258.8444,106170.42,-0.006072,-644.65,False,28
2013-03-28,2013-04-30,ASIANPAINT.NS,440.4884,419.3476,109580.96,-0.047994,-5259.25,False,33
2013-03-28,2013-04-30,HCLTECH.NS,140.0453,119.0385,109580.96,-0.15,-16437.14,True,33
2013-03-28,2013-04-30,BRITANNIA.NS,222.7526,246.0484,109580.96,0.104581,11460.14,False,33
2013-03-28,2013-04-30,CIPLA.NS,351.2699,374.9038,109580.96,0.067281,7372.74,False,33
2013-03-28,2013-04-30,HINDUNILVR.NS,374.9145,468.7336,109580.96,0.250241,27421.69,False,33
2013-04-30,2013-05-31,MARUTI.NS,1500.0099,1442.5107,114492.59,-0.038333,-4388.79,False,31
2013-04-30,2013-05-31,HINDUNILVR.NS,468.7336,475.7187,114492.59,0.014902,1706.17,False,31
2013-04-30,2013-05-31,UPL.NS,82.0302,90.0792,114492.59,0.098123,11234.31,False,31
2013-04-30,2013-05-31,SUNPHARMA.NS,432.7291,475.067,114492.59,0.097839,11201.85,False,31
2013-04-30,2013-05-31,INDUSINDBK.NS,434.8676,480.9342,114492.59,0.105933,12128.49,False,31
2013-05-31,2013-06-28,EICHERMOT.NS,340.188,301.1569,120869.0,-0.114734,-13867.8,False,28
2013-05-31,2013-06-28,BRITANNIA.NS,307.3006,286.1264,120869.0,-0.068904,-8328.33,False,28
2013-05-31,2013-06-28,APOLLOHOSP.NS,958.5682,1002.0876,120869.0,0.0454,5487.5,False,28
2013-05-31,2013-06-28,BAJFINANCE.NS,13.945,13.1153,120869.0,-0.059497,-7191.3,False,28
2013-05-31,2013-06-28,KOTAKBANK.NS,77.5869,71.5669,120869.0,-0.077591,-9378.35,False,28
2013-06-28,2013-07-31,TECHM.NS,186.5236,219.3474,114213.34,0.175976,20098.86,False,33
2013-06-28,2013-07-31,WIPRO.NS,56.7647,71.2405,114213.34,0.255015,29126.08,False,33
2013-06-28,2013-07-31,RELIANCE.NS,182.7824,184.7848,114213.34,0.010955,1251.24,False,33
2013-06-28,2013-07-31,DRREDDY.NS,407.2381,421.4349,114213.34,0.034861,3981.61,False,33
2013-06-28,2013-07-31,CIPLA.NS,362.5549,370.2787,114213.34,0.021304,2433.17,False,33
2013-07-31,2013-08-30,WIPRO.NS,71.2405,78.6573,125591.53,0.104109,13075.24,False,30
2013-07-31,2013-08-30,HCLTECH.NS,165.6065,183.7825,125591.53,0.109754,13784.16,False,30
2013-07-31,2013-08-30,TCS.NS,682.5415,764.3861,125591.53,0.119912,15059.87,False,30
2013-07-31,2013-08-30,TITAN.NS,249.9167,212.4292,125591.53,-0.15,-18838.73,True,30
2013-07-31,2013-08-30,INFY.NS,269.1271,281.4703,125591.53,0.045864,5760.12,False,30
2013-08-30,2013-09-30,TATASTEEL.NS,19.1873,19.0157,131359.67,-0.008942,-1174.56,False,31
2013-08-30,2013-09-30,HINDALCO.NS,96.6612,102.9642,131359.67,0.065207,8565.59,False,31
2013-08-30,2013-09-30,HEROMOTOCO.NS,1355.2416,1371.225,131359.67,0.011794,1549.22,False,31
2013-08-30,2013-09-30,TCS.NS,764.3861,724.7608,131359.67,-0.051839,-6809.6,False,31
2013-08-30,2013-09-30,HCLTECH.NS,183.7825,192.0403,131359.67,0.044933,5902.33,False,31
2013-09-30,2013-10-31,JSWSTEEL.NS,64.1333,75.718,132966.27,0.180635,24018.33,False,31
2013-09-30,2013-10-31,BPCL.NS,27.8613,30.2416,132966.27,0.085434,11359.83,False,31
2013-09-30,2013-10-31,ULTRACEMCO.NS,1725.1549,1875.3779,132966.27,0.087078,11578.44,False,31
2013-09-30,2013-10-31,AXISBANK.NS,193.1132,234.2804,132966.27,0.213176,28345.26,False,31
2013-09-30,2013-10-31,COALINDIA.NS,106.8579,104.499,132966.27,-0.022075,-2935.28,False,31
2013-10-31,2013-11-29,ADANIENT.NS,29.3833,37.2368,147439.58,0.267277,39407.14,False,29
2013-10-31,2013-11-29,ICICIBANK.NS,181.2719,172.8144,147439.58,-0.046657,-6879.06,False,29
2013-10-31,2013-11-29,LT.NS,544.3412,584.7321,147439.58,0.074201,10940.22,False,29
2013-10-31,2013-11-29,TATASTEEL.NS,23.4519,28.0526,147439.58,0.196178,28924.38,False,29
2013-10-31,2013-11-29,AXISBANK.NS,234.2804,199.1383,147439.58,-0.15,-22115.94,True,29
2013-11-29,2013-12-31,ADANIENT.NS,37.2368,37.1448,157494.93,-0.00247,-388.99,False,32
2013-11-29,2013-12-31,TATASTEEL.NS,28.0526,29.7053,157494.93,0.058912,9278.28,False,32
2013-11-29,2013-12-31,DIVISLAB.NS,520.5151,551.706,157494.93,0.059923,9437.6,False,32
2013-11-29,2013-12-31,EICHERMOT.NS,430.7769,457.2954,157494.93,0.06156,9695.37,False,32
2013-11-29,2013-12-31,BAJAJFINSV.NS,72.6766,73.6986,157494.93,0.014063,2214.9,False,32
2013-12-31,2014-01-31,WIPRO.NS,90.9536,94.0251,163542.36,0.03377,5522.8,False,31
2013-12-31,2014-01-31,UPL.NS,117.149,111.9114,163542.36,-0.044708,-7311.7,False,31
2013-12-31,2014-01-31,HCLTECH.NS,224.5772,260.8145,163542.36,0.161358,26388.85,False,31
2013-12-31,2014-01-31,APOLLOHOSP.NS,905.262,889.7661,163542.36,-0.017118,-2799.45,False,31
2013-12-31,2014-01-31,AXISBANK.NS,249.0055,215.1674,163542.36,-0.135893,-22224.28,False,31
2014-01-31,2014-02-28,HCLTECH.NS,260.8145,281.0329,163457.61,0.07752,12671.26,False,28
2014-01-31,2014-02-28,IOC.NS,20.2457,20.4932,163457.61,0.012227,1998.67,False,28
2014-01-31,2014-02-28,DIVISLAB.NS,594.2354,643.4953,163457.61,0.082896,13550.02,False,28
2014-01-31,2014-02-28,INFY.NS,337.427,348.7092,163457.61,0.033436,5465.39,False,28
2014-01-31,2014-02-28,BPCL.NS,30.5065,31.7934,163457.61,0.042184,6895.28,False,28
2014-02-28,2014-03-31,ADANIPORTS.NS,157.3465,176.3504,171573.73,0.120777,20722.21,False,31
2014-02-28,2014-03-31,AXISBANK.NS,242.7783,279.8451,171573.73,0.152678,26195.45,False,31
2014-02-28,2014-03-31,LT.NS,620.3433,711.0481,171573.73,0.146217,25087.02,False,31
2014-02-28,2014-03-31,DRREDDY.NS,534.9224,473.6617,171573.73,-0.114523,-19649.06,False,31
2014-02-28,2014-03-31,EICHERMOT.NS,472.409,550.882,171573.73,0.166113,28500.55,False,31
2014-03-31,2014-04-30,ADANIENT.NS,52.0735,59.1274,187744.97,0.135462,25432.33,False,30
2014-03-31,2014-04-30,HINDALCO.NS,130.4305,123.5754,187744.97,-0.052557,-9867.38,False,30
2014-03-31,2014-04-30,INDUSINDBK.NS,469.4919,447.5071,187744.97,-0.046827,-8791.48,False,30
2014-03-31,2014-04-30,SBIN.NS,169.9499,184.2091,187744.97,0.083903,15752.29,False,30
2014-03-31,2014-04-30,MARUTI.NS,1781.7969,1737.7435,187744.97,-0.024724,-4641.83,False,30
2014-04-30,2014-05-30,UPL.NS,158.6645,178.6086,191321.75,0.125699,24049.05,False,30
2014-04-30,2014-05-30,ADANIENT.NS,59.1274,67.7662,191321.75,0.146105,27953.04,False,30
2014-04-30,2014-05-30,SUNPHARMA.NS,578.4827,558.2339,191321.75,-0.035003,-6696.89,False,30
2014-04-30,2014-05-30,M&M.NS,480.2245,552.3344,191321.75,0.150159,28728.59,False,30
2014-04-30,2014-05-30,SBIN.NS,184.2091,226.6007,191321.75,0.230128,44028.47,False,30
2014-05-30,2014-06-30,NTPC.NS,88.5987,86.2251,214934.2,-0.026791,-5758.34,False,31
2014-05-30,2014-06-30,IOC.NS,29.7146,28.4356,214934.2,-0.043044,-9251.54,False,31
2014-05-30,2014-06-30,COALINDIA.NS,148.8665,154.5057,214934.2,0.037881,8141.94,False,31
2014-05-30,2014-06-30,SBIN.NS,226.6007,239.436,214934.2,0.056643,12174.44,False,31
2014-05-30,2014-06-30,TITAN.NS,294.1312,334.9774,214934.2,0.138871,29848.08,False,31
2014-06-30,2014-07-31,EICHERMOT.NS,738.7493,785.3593,221965.12,0.063093,14004.49,False,31
2014-06-30,2014-07-31,BAJAJ-AUTO.NS,1705.9614,1562.2133,221965.12,-0.084262,-18703.28,False,31
2014-06-30,2014-07-31,ASIANPAINT.NS,541.6212,573.2158,221965.12,0.058334,12948.01,False,31
2014-06-30,2014-07-31,TATACONSUM.NS,149.8898,133.1872,221965.12,-0.111433,-24734.14,False,31
2014-06-30,2014-07-31,BPCL.NS,50.4993,48.7961,221965.12,-0.033727,-7486.3,False,31
2014-07-31,2014-08-28,HINDALCO.NS,176.3917,149.933,217170.87,-0.15,-32575.63,True,28
2014-07-31,2014-08-28,BRITANNIA.NS,498.877,539.9288,217170.87,0.082288,17870.64,False,28
2014-07-31,2014-08-28,SUNPHARMA.NS,723.0576,781.8382,217170.87,0.081295,17654.81,False,28
2014-07-31,2014-08-28,BHARTIARTL.NS,313.6638,313.9311,217170.87,0.000852,185.07,False,28
2014-07-31,2014-08-28,HINDUNILVR.NS,568.489,614.7315,217170.87,0.081343,17665.31,False,28
2014-08-28,2014-09-30,BPCL.NS,58.3972,56.496,221330.91,-0.032558,-7206.04,False,33
2014-08-28,2014-09-30,NESTLEIND.NS,262.4754,261.0942,221330.91,-0.005262,-1164.63,False,33
2014-08-28,2014-09-30,M&M.NS,636.3837,615.4001,221330.91,-0.032973,-7297.98,False,33
2014-08-28,2014-09-30,APOLLOHOSP.NS,1128.2285,1077.7412,221330.91,-0.044749,-9904.38,False,33
2014-08-28,2014-09-30,EICHERMOT.NS,901.5144,1106.292,221330.91,0.227148,50274.97,False,33
2014-09-30,2014-10-31,EICHERMOT.NS,1106.292,1180.2866,226271.3,0.066885,15134.22,False,31
2014-09-30,2014-10-31,CIPLA.NS,585.3947,622.519,226271.3,0.063417,14349.56,False,31
2014-09-30,2014-10-31,DIVISLAB.NS,824.3041,858.712,226271.3,0.041742,9444.98,False,31
2014-09-30,2014-10-31,TITAN.NS,389.6082,375.8078,226271.3,-0.035421,-8014.8,False,31
2014-09-30,2014-10-31,BRITANNIA.NS,604.7211,664.9957,226271.3,0.099673,22553.23,False,31
2014-10-31,2014-11-28,AXISBANK.NS,425.3484,465.8116,236964.74,0.09513,22542.4,False,28
2014-10-31,2014-11-28,INDUSINDBK.NS,678.092,706.6716,236964.74,0.042147,9987.37,False,28
2014-10-31,2014-11-28,LT.NS,934.4114,925.3237,236964.74,-0.009726,-2304.62,False,28
2014-10-31,2014-11-28,ICICIBANK.NS,271.5151,292.8387,236964.74,0.078536,18610.2,False,28
2014-10-31,2014-11-28,BAJAJ-AUTO.NS,1964.9392,1987.3276,236964.74,0.011394,2699.97,False,28
2014-11-28,2014-12-31,SBIN.NS,286.4765,277.9642,247271.8,-0.029714,-7347.38,False,33
2014-11-28,2014-12-31,DRREDDY.NS,670.7834,570.1659,247271.8,-0.15,-37090.77,True,33
2014-11-28,2014-12-31,EICHERMOT.NS,1341.6239,1393.0297,247271.8,0.038316,9474.48,False,33
2014-11-28,2014-12-31,ASIANPAINT.NS,680.863,687.8116,247271.8,0.010206,2523.58,False,33
2014-11-28,2014-12-31,BAJFINANCE.NS,29.824,33.6062,247271.8,0.126817,31358.37,False,33
2014-12-31,2015-01-30,BAJAJFINSV.NS,129.9963,143.9041,247055.46,0.106986,26431.37,False,30
2014-12-31,2015-01-30,BAJFINANCE.NS,33.6062,39.0716,247055.46,0.162631,40178.94,False,30
2014-12-31,2015-01-30,BRITANNIA.NS,799.3588,820.6015,247055.46,0.026575,6565.41,False,30
2014-12-31,2015-01-30,ADANIPORTS.NS,301.3007,322.0768,247055.46,0.068955,17035.68,False,30
2014-12-31,2015-01-30,COALINDIA.NS,154.0642,144.8328,247055.46,-0.05992,-14803.45,False,30
2015-01-30,2015-02-27,ADANIENT.NS,90.589,102.7267,262137.05,0.133987,35122.85,False,28
2015-01-30,2015-02-27,HINDUNILVR.NS,778.5146,740.6138,262137.05,-0.048684,-12761.77,False,28
2015-01-30,2015-02-27,ULTRACEMCO.NS,3005.334,2991.4094,262137.05,-0.004633,-1214.55,False,28
2015-01-30,2015-02-27,AXISBANK.NS,569.2931,549.013,262137.05,-0.035623,-9338.18,False,28
2015-01-30,2015-02-27,SHREECEM.NS,10506.6357,10536.708,262137.05,0.002862,750.29,False,28
2015-02-27,2015-03-31,UPL.NS,251.3369,264.718,264648.77,0.05324,14089.77,False,32
2015-02-27,2015-03-31,ADANIENT.NS,102.7267,87.3177,264648.77,-0.15,-39697.32,True,32
2015-02-27,2015-03-31,HCLTECH.NS,367.499,356.3758,264648.77,-0.030267,-8010.16,False,32
2015-02-27,2015-03-31,HINDALCO.NS,143.6169,122.0743,264648.77,-0.15,-39697.32,True,32
2015-02-27,2015-03-31,NTPC.NS,89.042,82.5234,264648.77,-0.073209,-19374.67,False,32
2015-03-31,2015-04-30,SUNPHARMA.NS,937.6486,859.763,246110.84,-0.083065,-20443.15,False,30
2015-03-31,2015-04-30,BHARTIARTL.NS,333.8807,323.524,246110.84,-0.031019,-7634.19,False,30
2015-03-31,2015-04-30,IOC.NS,31.2084,30.5777,246110.84,-0.020209,-4973.59,False,30
2015-03-31,2015-04-30,BPCL.NS,69.8915,65.922,246110.84,-0.056796,-13978.0,False,30
2015-03-31,2015-04-30,DRREDDY.NS,648.9277,615.7256,246110.84,-0.051165,-12592.15,False,30
2015-04-30,2015-05-29,TATASTEEL.NS,25.7471,23.4714,234186.62,-0.088386,-20698.89,False,29
2015-04-30,2015-05-29,UPL.NS,293.7552,330.8751,234186.62,0.126363,29592.54,False,29
2015-04-30,2015-05-29,ADANIENT.NS,97.3619,101.9975,234186.62,0.047612,11150.08,False,29
2015-04-30,2015-05-29,ICICIBANK.NS,276.3724,264.7717,234186.62,-0.041975,-9829.96,False,29
2015-04-30,2015-05-29,RELIANCE.NS,184.5324,190.0318,234186.62,0.029802,6979.11,False,29
2015-05-29,2015-06-30,EICHERMOT.NS,1751.6489,1815.6331,237625.2,0.036528,8679.96,False,32
2015-05-29,2015-06-30,BAJAJ-AUTO.NS,1742.9755,1912.9381,237625.2,0.097513,23171.53,False,32
2015-05-29,2015-06-30,HEROMOTOCO.NS,1908.158,1805.5895,237625.2,-0.053753,-12772.98,False,32
2015-05-29,2015-06-30,BRITANNIA.NS,1105.4443,1200.2545,237625.2,0.085767,20380.3,False,32
2015-05-29,2015-06-30,HCLTECH.NS,369.0575,335.8304,237625.2,-0.090032,-21393.93,False,32
2015-06-30,2015-07-31,BAJFINANCE.NS,52.5071,53.3458,241238.17,0.015973,3853.33,False,31
2015-06-30,2015-07-31,RELIANCE.NS,216.7056,217.0848,241238.17,0.00175,422.12,False,31
2015-06-30,2015-07-31,BAJAJ-AUTO.NS,1912.9381,1938.0931,241238.17,0.01315,3172.27,False,31
2015-06-30,2015-07-31,BRITANNIA.NS,1200.2545,1377.592,241238.17,0.14775,35642.92,False,31
2015-06-30,2015-07-31,APOLLOHOSP.NS,1265.5067,1313.426,241238.17,0.037866,9134.65,False,31
2015-07-31,2015-08-31,BAJAJFINSV.NS,183.6677,180.0953,251683.23,-0.019451,-4895.41,False,31
2015-07-31,2015-08-31,ASIANPAINT.NS,811.7388,780.2919,251683.23,-0.03874,-9750.27,False,31
2015-07-31,2015-08-31,CIPLA.NS,662.2115,638.875,251683.23,-0.03524,-8869.38,False,31
2015-07-31,2015-08-31,DRREDDY.NS,762.263,804.6297,251683.23,0.05558,13988.59,False,31
2015-07-31,2015-08-31,BRITANNIA.NS,1377.592,1279.8744,251683.23,-0.070934,-17852.81,False,31
2015-08-31,2015-09-30,DIVISLAB.NS,1093.3726,929.3667,246207.38,-0.15,-36931.11,True,30
2015-08-31,2015-09-30,JSWSTEEL.NS,82.6207,79.8549,246207.38,-0.033476,-8242.14,False,30
2015-08-31,2015-09-30,ADANIPORTS.NS,336.7389,286.2281,246207.38,-0.15,-36931.11,True,30
2015-08-31,2015-09-30,SUNPHARMA.NS,823.2241,795.2477,246207.38,-0.033984,-8367.09,False,30
2015-08-31,2015-09-30,DRREDDY.NS,804.6297,778.3925,246207.38,-0.032608,-8028.29,False,30
2015-09-30,2015-10-30,MARUTI.NS,4278.0806,4062.0571,226507.43,-0.050495,-11437.59,False,30
2015-09-30,2015-10-30,INDUSINDBK.NS,891.2173,862.328,226507.43,-0.032416,-7342.37,False,30
2015-09-30,2015-10-30,SHREECEM.NS,11244.4658,11754.0068,226507.43,0.045315,10264.14,False,30
2015-09-30,2015-10-30,TECHM.NS,402.2509,389.1157,226507.43,-0.032654,-7396.46,False,30
2015-09-30,2015-10-30,ADANIENT.NS,42.7075,48.8085,226507.43,0.142857,32358.24,False,30
2015-10-30,2015-11-30,HINDALCO.NS,78.8693,72.3008,229796.62,-0.083284,-19138.3,False,31
2015-10-30,2015-11-30,TATASTEEL.NS,18.1371,16.8426,229796.62,-0.071371,-16400.78,False,31
2015-10-30,2015-11-30,ADANIENT.NS,48.8085,41.4873,229796.62,-0.15,-34469.49,True,31
2015-10-30,2015-11-30,BAJAJFINSV.NS,195.8379,191.2754,229796.62,-0.023298,-5353.72,False,31
2015-10-30,2015-11-30,BAJAJ-AUTO.NS,1957.3948,1902.7509,229796.62,-0.027917,-6415.15,False,31
2015-11-30,2015-12-31,M&M.NS,623.333,580.8113,213441.13,-0.068217,-14560.25,False,31
2015-11-30,2015-12-31,TITAN.NS,366.753,333.7307,213441.13,-0.090039,-19218.11,False,31
2015-11-30,2015-12-31,BAJFINANCE.NS,53.6333,58.1724,213441.13,0.084633,18064.12,False,31
2015-11-30,2015-12-31,POWERGRID.NS,48.1548,49.9049,213441.13,0.036344,7757.27,False,31
2015-11-30,2015-12-31,IOC.NS,36.1954,36.8883,213441.13,0.019144,4086.12,False,31
2015-12-31,2016-01-29,JSWSTEEL.NS,92.6918,94.9234,212666.96,0.024075,5119.91,False,29
2015-12-31,2016-01-29,TATASTEEL.NS,19.1079,18.3651,212666.96,-0.038876,-8267.65,False,29
2015-12-31,2016-01-29,SUNPHARMA.NS,753.567,802.0804,212666.96,0.064378,13691.16,False,29
2015-12-31,2016-01-29,NTPC.NS,83.4396,81.2716,212666.96,-0.025983,-5525.7,False,29
2015-12-31,2016-01-29,APOLLOHOSP.NS,1416.3866,1422.7133,212666.96,0.004467,949.93,False,29
2016-01-29,2016-02-29,SUNPHARMA.NS,802.0804,784.577,213860.49,-0.021822,-4666.96,False,31
2016-01-29,2016-02-29,INFY.NS,444.6029,413.7452,213860.49,-0.069405,-14843.02,False,31
2016-01-29,2016-02-29,TITAN.NS,349.641,297.1949,213860.49,-0.15,-32079.07,True,31
2016-01-29,2016-02-29,POWERGRID.NS,52.2738,46.2333,213860.49,-0.115555,-24712.55,False,31
2016-01-29,2016-02-29,JSWSTEEL.NS,94.9234,101.1555,213860.49,0.065654,14040.87,False,31
2016-02-29,2016-03-31,EICHERMOT.NS,1752.0336,1787.7278,201408.35,0.020373,4103.3,False,31
2016-02-29,2016-03-31,BHARTIARTL.NS,269.3344,299.4691,201408.35,0.111886,22534.75,False,31
2016-02-29,2016-03-31,JSWSTEEL.NS,101.1555,115.2362,201408.35,0.139198,28035.73,False,31
2016-02-29,2016-03-31,BRITANNIA.NS,1203.9979,1173.5295,201408.35,-0.025306,-5096.84,False,31
2016-02-29,2016-03-31,HINDUNILVR.NS,706.3961,739.657,201408.35,0.047085,9483.39,False,31
2016-03-31,2016-04-29,TATASTEEL.NS,23.5135,25.8229,213220.41,0.098217,20941.87,False,29
2016-03-31,2016-04-29,HINDALCO.NS,82.5289,90.4112,213220.41,0.095509,20364.42,False,29
2016-03-31,2016-04-29,ADANIENT.NS,39.3921,46.2777,213220.41,0.174797,37270.23,False,29
2016-03-31,2016-04-29,ADANIPORTS.NS,235.7243,226.6836,213220.41,-0.038353,-8177.62,False,29
2016-03-31,2016-04-29,UPL.NS,288.6301,325.0034,213220.41,0.12602,26870.13,False,29
2016-04-29,2016-05-31,ADANIENT.NS,46.2777,39.3361,232674.22,-0.15,-34901.13,True,32
2016-04-29,2016-05-31,UPL.NS,325.0034,359.8058,232674.22,0.107083,24915.49,False,32
2016-04-29,2016-05-31,IOC.NS,37.8429,36.3449,232674.22,-0.039584,-9210.28,False,32
2016-04-29,2016-05-31,M&M.NS,607.5615,603.6128,232674.22,-0.006499,-1512.2,False,32
2016-04-29,2016-05-31,TATASTEEL.NS,25.8229,24.591,232674.22,-0.047707,-11100.26,False,32
2016-05-31,2016-06-30,LT.NS,840.2571,853.3438,226312.54,0.015575,3524.74,False,30
2016-05-31,2016-06-30,ASIANPAINT.NS,907.9895,929.9361,226312.54,0.024171,5470.1,False,30
2016-05-31,2016-06-30,TECHM.NS,389.9818,365.0102,226312.54,-0.064033,-14491.39,False,30
2016-05-31,2016-06-30,BAJFINANCE.NS,73.6594,77.6186,226312.54,0.05375,12164.36,False,30
2016-05-31,2016-06-30,ITC.NS,161.3227,169.2958,226312.54,0.049423,11185.07,False,30
2016-06-30,2016-07-29,BAJAJFINSV.NS,231.2687,271.3441,229883.12,0.173285,39835.39,False,29
2016-06-30,2016-07-29,ADANIENT.NS,46.3044,43.0484,229883.12,-0.070317,-16164.66,False,29
2016-06-30,2016-07-29,HINDALCO.NS,115.2778,125.3183,229883.12,0.087098,20022.39,False,29
2016-06-30,2016-07-29,TITAN.NS,393.0741,407.7327,229883.12,0.037292,8572.85,False,29
2016-06-30,2016-07-29,TATACONSUM.NS,117.37,127.1658,229883.12,0.08346,19186.1,False,29
2016-07-29,2016-08-31,BAJFINANCE.NS,100.7626,106.9647,244173.53,0.061551,15029.18,False,33
2016-07-29,2016-08-31,IOC.NS,47.5514,50.2592,244173.53,0.056944,13904.17,False,33
2016-07-29,2016-08-31,BAJAJFINSV.NS,271.3441,295.5908,244173.53,0.089358,21818.74,False,33
2016-07-29,2016-08-31,EICHERMOT.NS,2093.4631,2120.5022,244173.53,0.012916,3153.73,False,33
2016-07-29,2016-08-31,JSWSTEEL.NS,151.2084,158.2399,244173.53,0.046502,11354.53,False,33
2016-08-31,2016-09-30,HINDALCO.NS,149.4342,144.2049,257225.61,-0.034994,-9001.24,False,30
2016-08-31,2016-09-30,BRITANNIA.NS,1522.2793,1479.8075,257225.61,-0.0279,-7176.63,False,30
2016-08-31,2016-09-30,ADANIPORTS.NS,250.237,244.3367,257225.61,-0.023579,-6065.04,False,30
2016-08-31,2016-09-30,HEROMOTOCO.NS,2570.186,2499.8235,257225.61,-0.027376,-7041.92,False,30
2016-08-31,2016-09-30,DIVISLAB.NS,1235.9517,1206.326,257225.61,-0.02397,-6165.67,False,30
2016-09-30,2016-10-28,EICHERMOT.NS,2314.0747,2238.7837,250135.51,-0.032536,-8138.44,False,28
2016-09-30,2016-10-28,ONGC.NS,101.9189,113.9315,250135.51,0.117865,29482.15,False,28
2016-09-30,2016-10-28,MARUTI.NS,5035.7021,5402.3955,250135.51,0.072819,18214.55,False,28
2016-09-30,2016-10-28,UPL.NS,410.5117,425.1021,250135.51,0.035542,8890.33,False,28
2016-09-30,2016-10-28,GRASIM.NS,709.1853,707.7116,250135.51,-0.002078,-519.78,False,28
2016-10-28,2016-11-30,ADANIPORTS.NS,292.1572,248.3336,259721.27,-0.15,-38958.19,True,33
2016-10-28,2016-11-30,ONGC.NS,113.9315,116.6186,259721.27,0.023585,6125.43,False,33
2016-10-28,2016-11-30,IOC.NS,57.3602,54.3813,259721.27,-0.051932,-13487.89,False,33
2016-10-28,2016-11-30,BAJAJFINSV.NS,337.0211,286.4679,259721.27,-0.15,-38958.19,True,33
2016-10-28,2016-11-30,ICICIBANK.NS,239.8649,230.0745,259721.27,-0.040816,-10600.89,False,33
2016-11-30,2016-12-30,HINDALCO.NS,165.9726,141.0767,240545.32,-0.15,-36081.8,True,30
2016-11-30,2016-12-30,TECHM.NS,358.7155,361.4509,240545.32,0.007625,1834.28,False,30
2016-11-30,2016-12-30,POWERGRID.NS,68.7834,65.7726,240545.32,-0.043773,-10529.36,False,30
2016-11-30,2016-12-30,NTPC.NS,95.314,96.2487,240545.32,0.009807,2358.97,False,30
2016-11-30,2016-12-30,HCLTECH.NS,305.9145,315.1057,240545.32,0.030045,7227.23,False,30
2016-12-30,2017-01-31,ADANIENT.NS,40.86,46.5179,233507.19,0.138472,32334.1,False,32
2016-12-30,2017-01-31,RELIANCE.NS,237.1794,229.028,233507.19,-0.034368,-8025.18,False,32
2016-12-30,2017-01-31,IOC.NS,57.635,64.9668,233507.19,0.127211,29704.66,False,32
2016-12-30,2017-01-31,ITC.NS,166.5729,177.9122,233507.19,0.068074,15895.74,False,32
2016-12-30,2017-01-31,TCS.NS,950.3366,898.3553,233507.19,-0.054698,-12772.31,False,32
2017-01-31,2017-02-28,BAJFINANCE.NS,100.7272,107.6534,244934.59,0.068763,16842.34,False,28
2017-01-31,2017-02-28,HINDALCO.NS,179.3826,174.0942,244934.59,-0.029481,-7221.0,False,28
2017-01-31,2017-02-28,JSWSTEEL.NS,178.8559,168.7465,244934.59,-0.056523,-13844.37,False,28
2017-01-31,2017-02-28,TATASTEEL.NS,34.824,36.3018,244934.59,0.042436,10394.06,False,28
2017-01-31,2017-02-28,BHARTIARTL.NS,298.421,312.9478,244934.59,0.048679,11923.16,False,28
2017-02-28,2017-03-31,TITAN.NS,423.0202,447.7415,248553.43,0.05844,14525.47,False,31
2017-02-28,2017-03-31,BAJAJFINSV.NS,389.9122,408.2664,248553.43,0.047073,11700.08,False,31
2017-02-28,2017-03-31,RELIANCE.NS,271.2859,289.4404,248553.43,0.06692,16633.16,False,31
2017-02-28,2017-03-31,ADANIENT.NS,52.5762,57.9406,248553.43,0.10203,25360.02,False,31
2017-02-28,2017-03-31,TCS.NS,993.6178,979.7388,248553.43,-0.013968,-3471.82,False,31
2017-03-31,2017-04-28,ADANIPORTS.NS,323.1811,311.8565,261502.81,-0.035041,-9163.37,False,28
2017-03-31,2017-04-28,ADANIENT.NS,57.9406,58.1541,261502.81,0.003685,963.64,False,28
2017-03-31,2017-04-28,TATACONSUM.NS,136.8671,139.1853,261502.81,0.016938,4429.27,False,28
2017-03-31,2017-04-28,SBIN.NS,268.2987,264.961,261502.81,-0.01244,-3253.17,False,28
2017-03-31,2017-04-28,KOTAKBANK.NS,173.4235,179.3388,261502.81,0.034109,8919.57,False,28
2017-04-28,2017-05-31,IOC.NS,81.7578,79.7885,261882.0,-0.024088,-6308.19,False,33
2017-04-28,2017-05-31,SHREECEM.NS,18572.1582,17427.3906,261882.0,-0.061639,-16142.12,False,33
2017-04-28,2017-05-31,BAJAJFINSV.NS,455.8083,387.437,261882.0,-0.15,-39282.3,True,33
2017-04-28,2017-05-31,LT.NS,1010.0507,1016.3424,261882.0,0.006229,1631.28,False,33
2017-04-28,2017-05-31,UPL.NS,491.1093,524.7069,261882.0,0.068412,17915.78,False,33
2017-05-31,2017-06-30,ICICIBANK.NS,282.8387,278.7002,253444.89,-0.014632,-3708.43,False,30
2017-05-31,2017-06-30,HINDUNILVR.NS,925.4261,944.7638,253444.89,0.020896,5295.97,False,30
2017-05-31,2017-06-30,HEROMOTOCO.NS,2787.8442,2777.4395,253444.89,-0.003732,-945.91,False,30
2017-05-31,2017-06-30,TATASTEEL.NS,37.9563,41.0435,253444.89,0.081335,20614.03,False,30
2017-05-31,2017-06-30,ITC.NS,214.9284,226.5987,253444.89,0.054298,13761.64,False,30
2017-06-30,2017-07-31,ADANIENT.NS,70.7777,73.9863,260448.35,0.045334,11807.04,False,31
2017-06-30,2017-07-31,DIVISLAB.NS,604.8919,628.8633,260448.35,0.039629,10321.38,False,31
2017-06-30,2017-07-31,SUNPHARMA.NS,511.2422,489.1163,260448.35,-0.043279,-11271.9,False,31
2017-06-30,2017-07-31,TITAN.NS,507.4405,529.1309,260448.35,0.042745,11132.77,False,31
2017-06-30,2017-07-31,TATASTEEL.NS,41.0435,43.4091,260448.35,0.057637,15011.34,False,31
2017-07-31,2017-08-31,BAJFINANCE.NS,165.8706,173.5452,267848.48,0.046269,12392.99,False,31
2017-07-31,2017-08-31,BAJAJFINSV.NS,497.4783,548.4035,267848.48,0.102367,27418.78,False,31
2017-07-31,2017-08-31,RELIANCE.NS,356.742,352.17,267848.48,-0.012816,-3432.71,False,31
2017-07-31,2017-08-31,HINDALCO.NS,207.4303,224.7595,267848.48,0.083542,22376.62,False,31
2017-07-31,2017-08-31,TATACONSUM.NS,156.5092,185.3526,267848.48,0.184292,49362.4,False,31
2017-08-31,2017-09-29,IOC.NS,84.6783,71.9766,289472.09,-0.15,-43420.81,True,29
2017-08-31,2017-09-29,TATACONSUM.NS,185.3526,192.6544,289472.09,0.039394,11403.43,False,29
2017-08-31,2017-09-29,JSWSTEEL.NS,232.2154,226.7842,289472.09,-0.023388,-6770.3,False,29
2017-08-31,2017-09-29,TITAN.NS,599.9572,568.3115,289472.09,-0.052746,-15268.63,False,29
2017-08-31,2017-09-29,TATASTEEL.NS,48.8401,49.95,289472.09,0.022725,6578.38,False,29
2017-09-29,2017-10-31,DIVISLAB.NS,809.0458,834.3358,279976.5,0.031259,8751.81,False,32
2017-09-29,2017-10-31,DRREDDY.NS,441.2004,460.0325,279976.5,0.042684,11950.45,False,32
2017-09-29,2017-10-31,COALINDIA.NS,133.4187,141.1032,279976.5,0.057597,16125.69,False,32
2017-09-29,2017-10-31,BAJAJ-AUTO.NS,2494.0137,2612.4824,279976.5,0.047501,13299.23,False,32
2017-09-29,2017-10-31,ONGC.NS,105.1951,117.5945,279976.5,0.117871,33001.09,False,32
2017-10-31,2017-11-30,BHARTIARTL.NS,427.1955,426.5511,296602.16,-0.001508,-447.39,False,30
2017-10-31,2017-11-30,RELIANCE.NS,415.6026,407.0773,296602.16,-0.020513,-6084.27,False,30
2017-10-31,2017-11-30,SBIN.NS,282.1667,295.5923,296602.16,0.04758,14112.41,False,30
2017-10-31,2017-11-30,BPCL.NS,155.9401,145.0709,296602.16,-0.069701,-20673.45,False,30
2017-10-31,2017-11-30,ADANIPORTS.NS,410.8934,380.0059,296602.16,-0.075172,-22296.04,False,30
2017-11-30,2017-12-29,TITAN.NS,796.1512,834.3109,289524.41,0.04793,13876.96,False,29
2017-11-30,2017-12-29,TATACONSUM.NS,268.7612,296.1897,289524.41,0.102055,29547.46,False,29
2017-11-30,2017-12-29,DIVISLAB.NS,984.1853,1038.4054,289524.41,0.055091,15950.29,False,29
2017-11-30,2017-12-29,ADANIENT.NS,78.654,89.2503,289524.41,0.13472,39004.79,False,29
2017-11-30,2017-12-29,APOLLOHOSP.NS,1079.0215,1175.0928,289524.41,0.089036,25777.97,False,29
2017-12-29,2018-01-31,HINDALCO.NS,259.5092,243.0023,314355.91,-0.063608,-19995.58,False,33
2017-12-29,2018-01-31,ADANIENT.NS,89.2503,114.3864,314355.91,0.281635,88533.65,False,33
2017-12-29,2018-01-31,MARUTI.NS,9034.5967,8830.4502,314355.91,-0.022596,-7103.21,False,33
2017-12-29,2018-01-31,TATACONSUM.NS,296.1897,272.0845,314355.91,-0.081384,-25583.61,False,33
2017-12-29,2018-01-31,APOLLOHOSP.NS,1175.0928,1134.1287,314355.91,-0.03486,-10958.55,False,33
2018-01-31,2018-02-28,ADANIENT.NS,114.3864,109.2089,319334.45,-0.045263,-14453.92,False,28
2018-01-31,2018-02-28,TECHM.NS,463.6588,463.6588,319334.45,0.0,0.0,False,28
2018-01-31,2018-02-28,TCS.NS,1277.9988,1246.2581,319334.45,-0.024836,-7931.08,False,28
2018-01-31,2018-02-28,COALINDIA.NS,147.5561,152.285,319334.45,0.032048,10234.0,False,28
2018-01-31,2018-02-28,LT.NS,1256.6702,1169.4172,319334.45,-0.069432,-22171.98,False,28
2018-02-28,2018-03-28,HDFCLIFE.NS,452.2253,445.6066,312469.85,-0.014636,-4573.25,False,28
2018-02-28,2018-03-28,JSWSTEEL.NS,284.975,263.0222,312469.85,-0.077034,-24070.8,False,28
2018-02-28,2018-03-28,BRITANNIA.NS,2209.4878,2199.0247,312469.85,-0.004736,-1479.72,False,28
2018-02-28,2018-03-28,SBILIFE.NS,681.8486,665.8946,312469.85,-0.023398,-7311.24,False,28
2018-02-28,2018-03-28,BAJAJFINSV.NS,503.4428,515.3868,312469.85,0.023725,7413.25,False,28
2018-03-28,2018-04-30,TITAN.NS,916.1233,954.5259,306465.5,0.041919,12846.6,False,33
2018-03-28,2018-04-30,BAJFINANCE.NS,172.1476,185.7972,306465.5,0.079291,24299.84,False,33
2018-03-28,2018-04-30,INDUSINDBK.NS,1712.6135,1809.1224,306465.5,0.056352,17269.89,False,33
2018-03-28,2018-04-30,DIVISLAB.NS,1030.7002,1132.1443,306465.5,0.098423,30163.1,False,33
2018-03-28,2018-04-30,NESTLEIND.NS,369.5141,423.2506,306465.5,0.145425,44567.71,False,33
2018-04-30,2018-05-31,TCS.NS,1450.3574,1441.7241,332294.93,-0.005953,-1978.0,False,31
2018-04-30,2018-05-31,M&M.NS,811.5648,857.705,332294.93,0.056853,18892.11,False,31
2018-04-30,2018-05-31,KOTAKBANK.NS,240.9593,265.5308,332294.93,0.101973,33885.22,False,31
2018-04-30,2018-05-31,ADANIPORTS.NS,388.8854,374.4204,332294.93,-0.037196,-12360.08,False,31
2018-04-30,2018-05-31,TATACONSUM.NS,278.5437,236.7621,332294.93,-0.15,-49844.24,True,31
2018-05-31,2018-06-29,HDFCBANK.NS,502.3615,495.0823,330013.94,-0.01449,-4781.85,False,29
2018-05-31,2018-06-29,BAJFINANCE.NS,205.4902,223.6491,330013.94,0.088369,29163.01,False,29
2018-05-31,2018-06-29,BAJAJFINSV.NS,602.1591,580.1197,330013.94,-0.036601,-12078.73,False,29
2018-05-31,2018-06-29,KOTAKBANK.NS,265.5308,267.192,330013.94,0.006256,2064.72,False,29
2018-05-31,2018-06-29,SBIN.NS,248.7182,239.3065,330013.94,-0.037841,-12487.99,False,29
2018-06-29,2018-07-31,CIPLA.NS,581.5878,604.8833,330389.77,0.040055,13233.78,False,32
2018-06-29,2018-07-31,SUNPHARMA.NS,522.3652,526.533,330389.77,0.007979,2636.07,False,32
2018-06-29,2018-07-31,DRREDDY.NS,423.4482,406.6345,330389.77,-0.039706,-13118.61,False,32
2018-06-29,2018-07-31,APOLLOHOSP.NS,1021.6224,928.4288,330389.77,-0.091221,-30138.54,False,32
2018-06-29,2018-07-31,BAJFINANCE.NS,223.6491,263.209,330389.77,0.176884,58440.62,False,32
2018-07-31,2018-08-31,ADANIENT.NS,123.8549,142.7388,336600.43,0.152469,51321.01,False,31
2018-07-31,2018-08-31,RELIANCE.NS,527.3951,552.1417,336600.43,0.046922,15794.1,False,31
2018-07-31,2018-08-31,BAJAJFINSV.NS,695.5461,672.6681,336600.43,-0.032892,-11071.5,False,31
2018-07-31,2018-08-31,BAJFINANCE.NS,263.209,278.6919,336600.43,0.058823,19799.98,False,31
2018-07-31,2018-08-31,ASIANPAINT.NS,1367.1237,1292.7581,336600.43,-0.054396,-18309.6,False,31
2018-08-31,2018-09-28,APOLLOHOSP.NS,1153.5376,980.507,348107.23,-0.15,-52216.08,True,28
2018-08-31,2018-09-28,JSWSTEEL.NS,365.5548,351.997,348107.23,-0.037088,-12910.7,False,28
2018-08-31,2018-09-28,AXISBANK.NS,645.7485,609.9426,348107.23,-0.055449,-19302.06,False,28
2018-08-31,2018-09-28,DRREDDY.NS,476.2351,483.6214,348107.23,0.01551,5399.04,False,28
2018-08-31,2018-09-28,ADANIENT.NS,142.7388,128.9858,348107.23,-0.096351,-33540.53,False,28
2018-09-28,2018-10-31,WIPRO.NS,111.2375,113.7095,325593.16,0.022222,7235.36,False,33
2018-09-28,2018-10-31,TCS.NS,1811.916,1540.1286,325593.16,-0.15,-48838.97,True,33
2018-09-28,2018-10-31,HCLTECH.NS,424.5663,412.8364,325593.16,-0.027628,-8995.44,False,33
2018-09-28,2018-10-31,BPCL.NS,113.3902,96.3817,325593.16,-0.15,-48838.97,True,33
2018-09-28,2018-10-31,DRREDDY.NS,483.6214,485.8764,325593.16,0.004663,1518.14,False,33
2018-10-31,2018-11-30,ADANIENT.NS,167.8988,162.9606,306009.18,-0.029412,-9000.25,False,30
2018-10-31,2018-11-30,ICICIBANK.NS,342.5148,342.6595,306009.18,0.000422,129.26,False,30
2018-10-31,2018-11-30,DIVISLAB.NS,1414.3531,1371.3367,306009.18,-0.030414,-9307.04,False,30
2018-10-31,2018-11-30,BAJFINANCE.NS,232.4432,247.5798,306009.18,0.065119,19927.1,False,30
2018-10-31,2018-11-30,SBILIFE.NS,551.8051,562.6365,306009.18,0.019629,6006.64,False,30
2018-11-30,2018-12-31,SHREECEM.NS,16026.4736,16754.291,307560.32,0.045413,13967.37,False,31
2018-11-30,2018-12-31,BPCL.NS,98.313,109.9353,307560.32,0.118218,36359.23,False,31
2018-11-30,2018-12-31,MARUTI.NS,7177.5879,6993.8765,307560.32,-0.025595,-7872.05,False,31
2018-11-30,2018-12-31,ADANIPORTS.NS,350.8784,372.0376,307560.32,0.060304,18546.98,False,31
2018-11-30,2018-12-31,INDUSINDBK.NS,1567.5499,1536.3295,307560.32,-0.019917,-6125.59,False,31
2018-12-31,2019-01-31,BPCL.NS,109.9353,104.6924,318535.51,-0.047691,-15191.37,False,31
2018-12-31,2019-01-31,POWERGRID.NS,74.6922,70.9135,318535.51,-0.050591,-16115.16,False,31
2018-12-31,2019-01-31,BAJAJFINSV.NS,645.6679,607.2833,318535.51,-0.059449,-18936.75,False,31
2018-12-31,2019-01-31,ONGC.NS,95.6415,90.1225,318535.51,-0.057705,-18381.17,False,31
2018-12-31,2019-01-31,IOC.NS,56.8342,56.7513,318535.51,-0.001459,-464.84,False,31
2019-01-31,2019-02-28,AXISBANK.NS,718.8024,705.7232,304717.65,-0.018196,-5544.57,False,28
2019-01-31,2019-02-28,INFY.NS,627.1975,614.4368,304717.65,-0.020346,-6199.65,False,28
2019-01-31,2019-02-28,WIPRO.NS,127.1137,127.0105,304717.65,-0.000812,-247.54,False,28
2019-01-31,2019-02-28,RELIANCE.NS,545.6938,547.428,304717.65,0.003178,968.38,False,28
2019-01-31,2019-02-28,TITAN.NS,972.375,1001.0834,304717.65,0.029524,8996.48,False,28
2019-02-28,2019-03-28,BAJAJ-AUTO.NS,2374.3589,2413.814,304312.27,0.016617,5056.8,False,28
2019-02-28,2019-03-28,TECHM.NS,642.5122,597.2736,304312.27,-0.070409,-21426.3,False,28
2019-02-28,2019-03-28,UPL.NS,545.2728,577.2399,304312.27,0.058626,17840.58,False,28
2019-02-28,2019-03-28,DIVISLAB.NS,1576.0819,1576.3679,304312.27,0.000181,55.22,False,28
2019-02-28,2019-03-28,ONGC.NS,98.3321,103.7822,304312.27,0.055425,16866.48,False,28
2019-03-28,2019-04-30,INDUSINDBK.NS,1749.3965,1543.246,307990.83,-0.117841,-36293.93,False,33
2019-03-28,2019-04-30,SBIN.NS,294.3466,285.996,307990.83,-0.02837,-8737.67,False,33
2019-03-28,2019-04-30,ADANIPORTS.NS,365.8962,376.9315,307990.83,0.03016,9288.95,False,33
2019-03-28,2019-04-30,NTPC.NS,103.6634,102.3652,307990.83,-0.012523,-3856.93,False,33
2019-03-28,2019-04-30,ICICIBANK.NS,386.4628,393.1683,307990.83,0.017351,5343.99,False,33
2019-04-30,2019-05-31,ULTRACEMCO.NS,4466.5259,4605.1616,301139.71,0.031039,9347.02,False,31
2019-04-30,2019-05-31,WIPRO.NS,137.0524,131.4748,301139.71,-0.040697,-12255.38,False,31
2019-04-30,2019-05-31,TCS.NS,1883.4954,1830.3323,301139.71,-0.028226,-8499.9,False,31
2019-04-30,2019-05-31,TATASTEEL.NS,45.565,38.7303,301139.71,-0.15,-45170.96,True,31
2019-04-30,2019-05-31,HCLTECH.NS,463.6861,428.9104,301139.71,-0.074998,-22584.99,False,31
2019-05-31,2019-06-28,ADANIENT.NS,152.8373,148.6398,285306.87,-0.027464,-7835.53,False,28
2019-05-31,2019-06-28,TATACONSUM.NS,233.0448,257.5909,285306.87,0.105328,30050.72,False,28
2019-05-31,2019-06-28,LT.NS,1399.4489,1395.5402,285306.87,-0.002793,-796.87,False,28
2019-05-31,2019-06-28,SBIN.NS,325.2576,333.3314,285306.87,0.024823,7082.13,False,28
2019-05-31,2019-06-28,BAJFINANCE.NS,338.2527,359.1307,285306.87,0.061723,17609.99,False,28
2019-06-28,2019-07-31,TATACONSUM.NS,257.5909,240.3036,294528.96,-0.067111,-19766.27,False,33
2019-06-28,2019-07-31,APOLLOHOSP.NS,1331.6931,1324.2466,294528.96,-0.005592,-1646.94,False,33
2019-06-28,2019-07-31,POWERGRID.NS,80.195,81.7066,294528.96,0.018849,5551.72,False,33
2019-06-28,2019-07-31,TITAN.NS,1303.3026,1107.8072,294528.96,-0.15,-44179.34,True,33
2019-06-28,2019-07-31,BAJFINANCE.NS,359.1307,305.2611,294528.96,-0.15,-44179.34,True,33
2019-07-31,2019-08-30,ASIANPAINT.NS,1443.9646,1534.2423,273684.92,0.062521,17110.98,False,30
2019-07-31,2019-08-30,SBILIFE.NS,787.9393,828.5934,273684.92,0.051595,14120.91,False,30
2019-07-31,2019-08-30,INFY.NS,673.4802,691.5125,273684.92,0.026775,7327.88,False,30
2019-07-31,2019-08-30,SUNPHARMA.NS,396.4388,421.1276,273684.92,0.062276,17044.13,False,30
2019-07-31,2019-08-30,HDFCLIFE.NS,486.0605,548.751,273684.92,0.128977,35298.98,False,30
2019-08-30,2019-09-30,MARUTI.NS,5816.9092,6379.2935,291865.5,0.096681,28217.83,False,31
2019-08-30,2019-09-30,HDFCLIFE.NS,548.751,592.0877,291865.5,0.078973,23049.58,False,31
2019-08-30,2019-09-30,NESTLEIND.NS,599.2947,646.5138,291865.5,0.078791,22996.42,False,31
2019-08-30,2019-09-30,APOLLOHOSP.NS,1477.6285,1372.7596,291865.5,-0.070971,-20714.01,False,31
2019-08-30,2019-09-30,BAJAJ-AUTO.NS,2333.5242,2461.9885,291865.5,0.055052,16067.68,False,31
2019-09-30,2019-10-31,BPCL.NS,150.7399,168.857,305789.0,0.120187,36751.97,False,31
2019-09-30,2019-10-31,BAJFINANCE.NS,395.4273,393.6194,305789.0,-0.004572,-1398.11,False,31
2019-09-30,2019-10-31,IOC.NS,62.1991,61.946,305789.0,-0.004071,-1244.73,False,31
2019-09-30,2019-10-31,BAJAJFINSV.NS,848.9127,811.1539,305789.0,-0.044479,-13601.21,False,31
2019-09-30,2019-10-31,TITAN.NS,1248.7465,1305.786,305789.0,0.045677,13967.66,False,31
2019-10-31,2019-11-29,ADANIENT.NS,197.764,212.8699,312684.11,0.076384,23883.94,False,29
2019-10-31,2019-11-29,EICHERMOT.NS,2131.95,2164.4233,312684.11,0.015232,4762.74,False,29
2019-10-31,2019-11-29,SBILIFE.NS,979.5522,948.4812,312684.11,-0.03172,-9918.23,False,29
2019-10-31,2019-11-29,SBIN.NS,288.2567,315.4307,312684.11,0.09427,29476.79,False,29
2019-10-31,2019-11-29,TATACONSUM.NS,302.7672,308.6411,312684.11,0.019401,6066.26,False,29
2019-11-29,2019-12-31,INDUSINDBK.NS,1515.2861,1458.2131,323538.42,-0.037665,-12186.02,False,32
2019-11-29,2019-12-31,BHARTIARTL.NS,422.9448,435.7063,323538.42,0.030173,9762.12,False,32
2019-11-29,2019-12-31,JSWSTEEL.NS,244.9954,252.9574,323538.42,0.032499,10514.54,False,32
2019-11-29,2019-12-31,TATASTEEL.NS,35.8727,39.611,323538.42,0.10421,33716.07,False,32
2019-11-29,2019-12-31,BAJAJFINSV.NS,908.4703,936.7008,323538.42,0.031075,10053.89,False,32
2019-12-31,2020-01-31,TATASTEEL.NS,39.611,36.8125,333910.54,-0.070649,-23590.57,False,31
2019-12-31,2020-01-31,HDFCLIFE.NS,616.6124,590.1672,333910.54,-0.042888,-14320.71,False,31
2019-12-31,2020-01-31,HINDALCO.NS,207.5364,181.8044,333910.54,-0.123988,-41400.85,False,31
2019-12-31,2020-01-31,TCS.NS,1861.0342,1793.9446,333910.54,-0.03605,-12037.35,False,31
2019-12-31,2020-01-31,ICICIBANK.NS,521.2175,508.4022,333910.54,-0.024587,-8209.94,False,31
2020-01-31,2020-02-28,TATACONSUM.NS,366.186,330.6085,313998.65,-0.097157,-30507.15,False,28
2020-01-31,2020-02-28,APOLLOHOSP.NS,1633.1462,1710.6072,313998.65,0.04743,14893.11,False,28
2020-01-31,2020-02-28,SHREECEM.NS,22438.8027,22211.2461,313998.65,-0.010141,-3184.33,False,28
2020-01-31,2020-02-28,ADANIENT.NS,227.2825,216.5845,313998.65,-0.047069,-14779.62,False,28
2020-01-31,2020-02-28,ULTRACEMCO.NS,4283.3071,4092.7166,313998.65,-0.044496,-13971.72,False,28
2020-02-28,2020-03-31,DIVISLAB.NS,2043.8199,1737.247,304488.71,-0.15,-45673.31,True,32
2020-02-28,2020-03-31,HINDUNILVR.NS,1965.1769,1670.4003,304488.71,-0.15,-45673.31,True,32
2020-02-28,2020-03-31,TITAN.NS,1230.5504,1045.9679,304488.71,-0.15,-45673.31,True,32
2020-02-28,2020-03-31,BHARTIARTL.NS,500.4217,425.3584,304488.71,-0.15,-45673.31,True,32
2020-02-28,2020-03-31,APOLLOHOSP.NS,1710.6072,1454.0161,304488.71,-0.15,-45673.31,True,32
2020-03-31,2020-04-30,DRREDDY.NS,600.9653,758.0164,258815.4,0.261331,67636.58,False,30
2020-03-31,2020-04-30,CIPLA.NS,407.2889,567.9024,258815.4,0.394348,102063.29,False,30
2020-03-31,2020-04-30,HINDUNILVR.NS,2077.0017,1983.4757,258815.4,-0.045029,-11654.28,False,30
2020-03-31,2020-04-30,NESTLEIND.NS,761.6783,837.5653,258815.4,0.099631,25786.12,False,30
2020-03-31,2020-04-30,SUNPHARMA.NS,331.7814,437.3996,258815.4,0.318337,82390.43,False,30
2020-04-30,2020-05-29,CIPLA.NS,567.9024,624.2978,312059.83,0.099305,30989.01,False,29
2020-04-30,2020-05-29,HINDALCO.NS,125.0115,133.3168,312059.83,0.066437,20732.16,False,29
2020-04-30,2020-05-29,HEROMOTOCO.NS,1772.1414,1930.9365,312059.83,0.089606,27962.55,False,29
2020-04-30,2020-05-29,INDUSINDBK.NS,452.0944,384.2802,312059.83,-0.15,-46808.97,True,29
2020-04-30,2020-05-29,SUNPHARMA.NS,437.3996,446.6288,312059.83,0.0211,6584.48,False,29
2020-05-29,2020-06-30,M&M.NS,414.4984,485.125,319951.68,0.170391,54516.75,False,32
2020-05-29,2020-06-30,GRASIM.NS,568.8757,598.3237,319951.68,0.051765,16562.35,False,32
2020-05-29,2020-06-30,EICHERMOT.NS,1577.7312,1747.9944,319951.68,0.107916,34528.06,False,32
2020-05-29,2020-06-30,ADANIPORTS.NS,314.3183,333.8297,319951.68,0.062075,19861.11,False,32
2020-05-29,2020-06-30,WIPRO.NS,98.0824,101.2396,319951.68,0.03219,10299.2,False,32
2020-06-30,2020-07-31,BAJFINANCE.NS,277.3144,318.4854,347105.17,0.148463,51532.43,False,31
2020-06-30,2020-07-31,BAJAJFINSV.NS,583.2029,619.197,347105.17,0.061718,21422.62,False,31
2020-06-30,2020-07-31,INDUSINDBK.NS,458.5163,505.7875,347105.17,0.103096,35785.19,False,31
2020-06-30,2020-07-31,M&M.NS,485.125,578.5513,347105.17,0.192582,66846.16,False,31
2020-06-30,2020-07-31,RELIANCE.NS,769.5607,937.2878,347105.17,0.217952,75652.19,False,31
2020-07-31,2020-08-31,INFY.NS,841.3511,808.7771,397352.88,-0.038716,-15384.05,False,31
2020-07-31,2020-08-31,WIPRO.NS,129.4936,125.0458,397352.88,-0.034348,-13648.18,False,31
2020-07-31,2020-08-31,HCLTECH.NS,559.2768,550.7117,397352.88,-0.015315,-6085.27,False,31
2020-07-31,2020-08-31,TECHM.NS,550.7991,598.7561,397352.88,0.087068,34596.76,False,31
2020-07-31,2020-08-31,APOLLOHOSP.NS,1650.2955,1610.8268,397352.88,-0.023916,-9503.16,False,31
2020-08-31,2020-09-30,ADANIENT.NS,278.8726,296.3801,395348.1,0.062779,24819.75,False,30
2020-08-31,2020-09-30,TATACONSUM.NS,512.1437,480.9736,395348.1,-0.060862,-24061.73,False,30
2020-08-31,2020-09-30,JSWSTEEL.NS,255.3982,262.9239,395348.1,0.029466,11649.46,False,30
2020-08-31,2020-09-30,INDUSINDBK.NS,608.5867,517.2987,395348.1,-0.15,-59302.22,True,30
2020-08-31,2020-09-30,DIVISLAB.NS,3029.2319,2956.6245,395348.1,-0.023969,-9476.07,False,30
2020-09-30,2020-10-30,APOLLOHOSP.NS,2120.3269,2092.0959,384073.94,-0.013314,-5113.73,False,30
2020-09-30,2020-10-30,DRREDDY.NS,1005.4551,947.4762,384073.94,-0.057664,-22147.38,False,30
2020-09-30,2020-10-30,HCLTECH.NS,645.4489,672.6747,384073.94,0.042181,16200.75,False,30
2020-09-30,2020-10-30,WIPRO.NS,144.5194,157.0332,384073.94,0.086589,33256.63,False,30
2020-09-30,2020-10-30,TCS.NS,2177.4785,2338.1584,384073.94,0.073792,28341.49,False,30
2020-10-30,2020-11-27,KOTAKBANK.NS,308.1924,379.8332,394181.49,0.232455,91629.3,False,28
2020-10-30,2020-11-27,AXISBANK.NS,490.4522,599.0985,394181.49,0.221523,87320.18,False,28
2020-10-30,2020-11-27,ADANIENT.NS,338.8769,397.4346,394181.49,0.172799,68114.27,False,28
2020-10-30,2020-11-27,TATASTEEL.NS,35.3433,49.7028,394181.49,0.406284,160149.78,False,28
2020-10-30,2020-11-27,ULTRACEMCO.NS,4450.4961,4672.2886,394181.49,0.049835,19644.21,False,28
2020-11-27,2020-12-31,BAJAJFINSV.NS,873.9139,888.6359,479553.04,0.016846,8078.57,False,34
2020-11-27,2020-12-31,BAJFINANCE.NS,480.8481,518.6984,479553.04,0.078716,37748.34,False,34
2020-11-27,2020-12-31,INDUSINDBK.NS,828.2362,864.2568,479553.04,0.043491,20856.13,False,34
2020-11-27,2020-12-31,TATASTEEL.NS,49.7028,55.4104,479553.04,0.114835,55069.46,False,34
2020-11-27,2020-12-31,HINDALCO.NS,218.4433,232.1473,479553.04,0.062735,30084.66,False,34
2020-12-31,2021-01-29,ASIANPAINT.NS,2646.1003,2304.2461,509920.47,-0.129192,-65877.5,False,29
2020-12-31,2021-01-29,ADANIENT.NS,478.388,505.4223,509920.47,0.056511,28816.24,False,29
2020-12-31,2021-01-29,ONGC.NS,66.9561,63.5381,509920.47,-0.051048,-26030.45,False,29
2020-12-31,2021-01-29,ADANIPORTS.NS,469.5846,494.7747,509920.47,0.053643,27353.85,False,29
2020-12-31,2021-01-29,SUNPHARMA.NS,558.9131,553.1102,509920.47,-0.010382,-5294.2,False,29
2021-01-29,2021-02-26,UPL.NS,532.5893,533.4442,501714.06,0.001605,805.36,False,28
2021-01-29,2021-02-26,BAJAJ-AUTO.NS,3502.9963,3321.8911,501714.06,-0.0517,-25938.66,False,28
2021-01-29,2021-02-26,GRASIM.NS,1025.3229,1166.3031,501714.06,0.137498,68984.87,False,28
2021-01-29,2021-02-26,TCS.NS,2735.116,2544.3125,501714.06,-0.069761,-34999.9,False,28
2021-01-29,2021-02-26,BHARTIARTL.NS,531.0951,533.6854,501714.06,0.004877,2446.97,False,28
2021-02-26,2021-03-31,ADANIENT.NS,831.6299,1028.6512,503973.79,0.23691,119396.34,False,33
2021-02-26,2021-03-31,HINDALCO.NS,328.3647,315.4327,503973.79,-0.039383,-19847.98,False,33
2021-02-26,2021-03-31,SBIN.NS,359.9979,336.1457,503973.79,-0.066257,-33391.55,False,33
2021-02-26,2021-03-31,ADANIPORTS.NS,656.1079,681.8319,503973.79,0.039207,19759.28,False,33
2021-02-26,2021-03-31,ONGC.NS,81.2427,74.7652,503973.79,-0.07973,-40181.68,False,33
2021-03-31,2021-04-30,ADANIENT.NS,1028.6512,1155.8922,513120.67,0.123697,63471.43,False,30
2021-03-31,2021-04-30,GRASIM.NS,1408.8782,1361.48,513120.67,-0.033643,-17262.67,False,30
2021-03-31,2021-04-30,JSWSTEEL.NS,443.4444,679.5316,513120.67,0.532394,273182.41,False,30
2021-03-31,2021-04-30,UPL.NS,609.7251,576.5245,513120.67,-0.054452,-27940.34,False,30
2021-03-31,2021-04-30,HINDUNILVR.NS,2236.0208,2164.5212,513120.67,-0.031976,-16407.66,False,30
2021-04-30,2021-05-31,JSWSTEEL.NS,679.5316,672.9526,568129.31,-0.009682,-5500.42,False,31
2021-04-30,2021-05-31,TATASTEEL.NS,89.0147,96.9047,568129.31,0.088636,50356.84,False,31
2021-04-30,2021-05-31,WIPRO.NS,227.6257,249.0139,568129.31,0.093962,53382.85,False,31
2021-04-30,2021-05-31,DRREDDY.NS,1000.6678,1028.9739,568129.31,0.028287,16070.75,False,31
2021-04-30,2021-05-31,BAJAJFINSV.NS,1101.6864,1177.9797,568129.31,0.069251,39343.75,False,31
2021-05-31,2021-06-30,UPL.NS,774.304,753.1676,598860.06,-0.027297,-16347.22,False,30
2021-05-31,2021-06-30,IOC.NS,53.7516,53.0874,598860.06,-0.012357,-7400.1,False,30
2021-05-31,2021-06-30,SBIN.NS,391.5548,390.374,598860.06,-0.003016,-1806.04,False,30
2021-05-31,2021-06-30,ASIANPAINT.NS,2849.9775,2878.7068,598860.06,0.010081,6036.82,False,30
2021-05-31,2021-06-30,ADANIENT.NS,1313.1105,1503.8971,598860.06,0.145294,87010.57,False,30
2021-06-30,2021-07-30,ADANIENT.NS,1503.8971,1417.7202,612358.87,-0.057302,-35089.62,False,30
2021-06-30,2021-07-30,TATACONSUM.NS,729.9199,731.7098,612358.87,0.002452,1501.58,False,30
2021-06-30,2021-07-30,APOLLOHOSP.NS,3573.1311,3982.9231,612358.87,0.114687,70229.65,False,30
2021-06-30,2021-07-30,INFY.NS,1406.6272,1433.0549,612358.87,0.018788,11505.01,False,30
2021-06-30,2021-07-30,TITAN.NS,1705.9659,1692.3411,612358.87,-0.007987,-4890.67,False,30
2021-07-30,2021-08-31,TATASTEEL.NS,126.2388,127.6427,621010.06,0.01112,6905.91,False,32
2021-07-30,2021-08-31,HINDALCO.NS,429.2626,455.0683,621010.06,0.060116,37332.8,False,32
2021-07-30,2021-08-31,BAJAJFINSV.NS,1419.3716,1711.4406,621010.06,0.205773,127787.37,False,32
2021-07-30,2021-08-31,SUNPHARMA.NS,736.646,757.7684,621010.06,0.028674,17806.66,False,32
2021-07-30,2021-08-31,TECHM.NS,1042.4578,1247.6654,621010.06,0.19685,122245.73,False,32
2021-08-31,2021-09-30,APOLLOHOSP.NS,4908.4038,4426.458,683425.75,-0.098188,-67104.13,False,30
2021-08-31,2021-09-30,BAJFINANCE.NS,738.2635,752.3527,683425.75,0.019084,13042.69,False,30
2021-08-31,2021-09-30,BAJAJFINSV.NS,1711.4406,1775.1127,683425.75,0.037204,25426.05,False,30
2021-08-31,2021-09-30,TECHM.NS,1247.6654,1189.8781,683425.75,-0.046316,-31653.81,False,30
2021-08-31,2021-09-30,TCS.NS,3352.1624,3342.5129,683425.75,-0.002879,-1967.28,False,30
2021-09-30,2021-10-29,COALINDIA.NS,125.1671,111.2033,670974.46,-0.111561,-74854.76,False,29
2021-09-30,2021-10-29,NTPC.NS,121.533,113.6507,670974.46,-0.064857,-43517.6,False,29
2021-09-30,2021-10-29,ONGC.NS,107.4186,110.801,670974.46,0.031488,21127.61,False,29
2021-09-30,2021-10-29,KOTAKBANK.NS,399.6296,404.7408,670974.46,0.01279,8581.62,False,29
2021-09-30,2021-10-29,IOC.NS,62.5391,63.8618,670974.46,0.021149,14190.72,False,29
2021-10-29,2021-11-30,ICICIBANK.NS,778.0042,692.9334,656079.97,-0.109345,-71738.96,False,32
2021-10-29,2021-11-30,SBIN.NS,467.6199,428.8805,656079.97,-0.082844,-54352.16,False,32
2021-10-29,2021-11-30,TITAN.NS,2352.675,2344.7295,656079.97,-0.003377,-2215.74,False,32
2021-10-29,2021-11-30,M&M.NS,853.0664,806.0356,656079.97,-0.055131,-36170.62,False,32
2021-10-29,2021-11-30,DIVISLAB.NS,5016.3164,4752.0171,656079.97,-0.052688,-34567.49,False,32
2021-11-30,2021-12-31,APOLLOHOSP.NS,5617.7676,4775.1024,616270.98,-0.15,-92440.65,True,31
2021-11-30,2021-12-31,ADANIENT.NS,1659.8881,1706.405,616270.98,0.028024,17270.48,False,31
2021-11-30,2021-12-31,POWERGRID.NS,121.9676,124.8101,616270.98,0.023305,14362.26,False,31
2021-11-30,2021-12-31,CIPLA.NS,940.717,914.3735,616270.98,-0.028004,-17257.83,False,31
2021-11-30,2021-12-31,BHARTIARTL.NS,711.7623,668.3187,616270.98,-0.061037,-37615.18,False,31
2021-12-31,2022-01-31,TECHM.NS,1558.5544,1324.7713,593134.79,-0.15,-88970.22,True,31
2021-12-31,2022-01-31,HCLTECH.NS,1092.1339,928.3138,593134.79,-0.15,-88970.22,True,31
2021-12-31,2022-01-31,HINDALCO.NS,462.1134,475.232,593134.79,0.028388,16837.98,False,31
2021-12-31,2022-01-31,WIPRO.NS,330.4556,280.8873,593134.79,-0.15,-88970.22,True,31
2021-12-31,2022-01-31,SUNPHARMA.NS,807.0584,796.3701,593134.79,-0.013244,-7855.19,False,31
2022-01-31,2022-02-28,ONGC.NS,133.0502,125.1428,541549.22,-0.059432,-32185.2,False,28
2022-01-31,2022-02-28,SBIN.NS,501.2841,449.973,541549.22,-0.102359,-55432.57,False,28
2022-01-31,2022-02-28,MARUTI.NS,8292.5127,8019.4019,541549.22,-0.032935,-17835.72,False,28
2022-01-31,2022-02-28,NTPC.NS,121.7043,117.7148,541549.22,-0.03278,-17752.07,False,28
2022-01-31,2022-02-28,AXISBANK.NS,769.8357,739.313,541549.22,-0.039648,-21471.48,False,28
2022-02-28,2022-03-31,HINDALCO.NS,557.5388,553.4089,512613.81,-0.007407,-3797.16,False,31
2022-02-28,2022-03-31,TATASTEEL.NS,107.4434,115.0522,512613.81,0.070817,36301.84,False,31
2022-02-28,2022-03-31,COALINDIA.NS,125.2399,135.2118,512613.81,0.079623,40815.64,False,31
2022-02-28,2022-03-31,TITAN.NS,2513.564,2503.2986,512613.81,-0.004084,-2093.51,False,31
2022-02-28,2022-03-31,APOLLOHOSP.NS,4743.7061,4460.5337,512613.81,-0.059694,-30600.14,False,31
2022-03-31,2022-04-29,ADANIENT.NS,2011.1614,2327.8462,520739.14,0.157464,81997.49,False,29
2022-03-31,2022-04-29,JSWSTEEL.NS,700.3226,695.0654,520739.14,-0.007507,-3909.15,False,29
2022-03-31,2022-04-29,ITC.NS,207.6055,214.9771,520739.14,0.035508,18490.18,False,29
2022-03-31,2022-04-29,UPL.NS,739.6089,790.8319,520739.14,0.069257,36064.74,False,29
2022-03-31,2022-04-29,RELIANCE.NS,1198.8429,1269.5975,520739.14,0.059019,30733.56,False,29
2022-04-29,2022-05-31,ADANIENT.NS,2327.8462,1978.6693,553414.51,-0.15,-83012.18,True,32
2022-04-29,2022-05-31,NTPC.NS,137.7307,137.5544,553414.51,-0.001281,-708.7,False,32
2022-04-29,2022-05-31,M&M.NS,889.5816,997.873,553414.51,0.121733,67368.77,False,32
2022-04-29,2022-05-31,ADANIPORTS.NS,837.1464,711.5744,553414.51,-0.15,-83012.18,True,32
2022-04-29,2022-05-31,HEROMOTOCO.NS,2184.4114,2417.3059,553414.51,0.106617,59003.18,False,32
2022-05-31,2022-06-30,M&M.NS,997.873,1054.5995,545342.29,0.056847,31001.3,False,30
2022-05-31,2022-06-30,BRITANNIA.NS,3435.1829,3320.6621,545342.29,-0.033338,-18180.4,False,30
2022-05-31,2022-06-30,HEROMOTOCO.NS,2417.3059,2370.0732,545342.29,-0.019539,-10655.65,False,30
2022-05-31,2022-06-30,ITC.NS,229.6366,232.0548,545342.29,0.01053,5742.64,False,30
2022-05-31,2022-06-30,SBILIFE.NS,1165.4574,1073.5924,545342.29,-0.078823,-42985.58,False,30
2022-06-30,2022-07-29,MARUTI.NS,8170.4487,8462.5146,538326.75,0.035747,19243.36,False,29
2022-06-30,2022-07-29,M&M.NS,1054.5995,1134.8795,538326.75,0.076124,40979.43,False,29
2022-06-30,2022-07-29,JSWSTEEL.NS,539.592,620.4154,538326.75,0.149786,80633.84,False,29
2022-06-30,2022-07-29,DIVISLAB.NS,3536.0586,3732.0791,538326.75,0.055435,29842.01,False,29
2022-06-30,2022-07-29,ADANIENT.NS,2186.9971,2565.6804,538326.75,0.173152,93212.46,False,29
2022-07-29,2022-08-30,BAJAJFINSV.NS,1502.2872,1693.4275,591108.97,0.127233,75208.47,False,32
2022-07-29,2022-08-30,BAJFINANCE.NS,709.8935,719.46,591108.97,0.013476,7965.79,False,32
2022-07-29,2022-08-30,INDUSINDBK.NS,1012.6812,1083.4048,591108.97,0.069838,41281.83,False,32
2022-07-29,2022-08-30,TATASTEEL.NS,99.8135,100.4628,591108.97,0.006506,3845.51,False,32
2022-07-29,2022-08-30,ASIANPAINT.NS,3229.0544,3285.0881,591108.97,0.017353,10257.5,False,32
2022-08-30,2022-09-30,ADANIENT.NS,3189.9744,3451.0164,618820.79,0.081832,50639.34,False,31
2022-08-30,2022-09-30,BAJAJFINSV.NS,1693.4275,1675.592,618820.79,-0.010532,-6517.52,False,31
2022-08-30,2022-09-30,COALINDIA.NS,175.8369,158.9496,618820.79,-0.096039,-59431.08,False,31
2022-08-30,2022-09-30,M&M.NS,1275.4663,1235.995,618820.79,-0.030947,-19150.38,False,31
2022-08-30,2022-09-30,TITAN.NS,2580.0063,2582.2849,618820.79,0.000883,546.52,False,31
2022-09-30,2022-10-31,BHARTIARTL.NS,785.265,816.7778,612038.16,0.04013,24561.15,False,31
2022-09-30,2022-10-31,EICHERMOT.NS,3545.7451,3718.4644,612038.16,0.048712,29813.41,False,31
2022-09-30,2022-10-31,ADANIENT.NS,3451.0164,3342.8643,612038.16,-0.031339,-19180.79,False,31
2022-09-30,2022-10-31,CIPLA.NS,1085.0901,1136.1354,612038.16,0.047042,28791.77,False,31
2022-09-30,2022-10-31,INDUSINDBK.NS,1159.4667,1117.8406,612038.16,-0.035901,-21972.83,False,31
2022-10-31,2022-11-30,AXISBANK.NS,903.6062,898.8688,620440.71,-0.005243,-3252.85,False,30
2022-10-31,2022-11-30,COALINDIA.NS,184.1869,181.1765,620440.71,-0.016344,-10140.42,False,30
2022-10-31,2022-11-30,HCLTECH.NS,902.6481,971.7025,620440.71,0.076502,47464.91,False,30
2022-10-31,2022-11-30,INFY.NS,1410.2211,1499.4574,620440.71,0.063278,39260.41,False,30
2022-10-31,2022-11-30,LT.NS,1966.3988,2016.6986,620440.71,0.02558,15870.66,False,30
2022-11-30,2022-12-30,ADANIENT.NS,3912.5327,3853.0645,638281.25,-0.015199,-9701.51,False,30
2022-11-30,2022-12-30,BRITANNIA.NS,4178.8955,4126.3521,638281.25,-0.012574,-8025.45,False,30
2022-11-30,2022-12-30,BPCL.NS,143.6627,139.1779,638281.25,-0.031218,-19925.8,False,30
2022-11-30,2022-12-30,IOC.NS,63.6559,63.5313,638281.25,-0.001957,-1249.14,False,30
2022-11-30,2022-12-30,HINDALCO.NS,441.9827,464.1946,638281.25,0.050255,32076.89,False,30
2022-12-30,2023-01-31,HINDALCO.NS,464.1946,459.3403,636916.25,-0.010457,-6660.46,False,32
2022-12-30,2023-01-31,TATASTEEL.NS,104.4981,111.0379,636916.25,0.062583,39860.27,False,32
2022-12-30,2023-01-31,INDUSINDBK.NS,1193.6089,1059.4368,636916.25,-0.112409,-71594.98,False,32
2022-12-30,2023-01-31,ONGC.NS,122.8907,121.3415,636916.25,-0.012607,-8029.34,False,32
2022-12-30,2023-01-31,AXISBANK.NS,931.2829,869.2971,636916.25,-0.06656,-42392.86,False,32
2023-01-31,2023-02-28,M&M.NS,1343.7375,1237.3594,619152.78,-0.079166,-49015.78,False,28
2023-01-31,2023-02-28,HCLTECH.NS,981.7195,942.7027,619152.78,-0.039743,-24607.22,False,28
2023-01-31,2023-02-28,IOC.NS,67.8913,63.1576,619152.78,-0.069725,-43170.29,False,28
2023-01-31,2023-02-28,ITC.NS,298.9561,324.8541,619152.78,0.086628,53636.05,False,28
2023-01-31,2023-02-28,TATASTEEL.NS,111.0379,96.4276,619152.78,-0.131579,-81467.5,False,28
2023-02-28,2023-03-31,SHREECEM.NS,25763.5762,25861.3457,590227.83,0.003795,2239.84,False,31
2023-02-28,2023-03-31,ITC.NS,324.8541,330.7182,590227.83,0.018051,10654.44,False,31
2023-02-28,2023-03-31,TECHM.NS,1003.126,1004.5847,590227.83,0.001454,858.27,False,31
2023-02-28,2023-03-31,ONGC.NS,130.7098,129.8501,590227.83,-0.006577,-3881.8,False,31
2023-02-28,2023-03-31,POWERGRID.NS,147.6227,149.9142,590227.83,0.015523,9162.18,False,31
2023-03-31,2023-04-28,ADANIENT.NS,1748.052,1922.313,594034.42,0.099689,59218.5,False,28
2023-03-31,2023-04-28,BPCL.NS,144.9893,150.5901,594034.42,0.038629,22946.99,False,28
2023-03-31,2023-04-28,DRREDDY.NS,906.228,966.4308,594034.42,0.066432,39463.08,False,28
2023-03-31,2023-04-28,ADANIPORTS.NS,621.9727,670.5966,594034.42,0.078177,46439.77,False,28
2023-03-31,2023-04-28,BAJAJ-AUTO.NS,3646.6257,4160.2837,594034.42,0.140858,83674.75,False,28
2023-04-28,2023-05-31,DIVISLAB.NS,3207.3459,3379.7905,644383.04,0.053766,34645.58,False,33
2023-04-28,2023-05-31,BAJAJ-AUTO.NS,4160.2837,4287.1963,644383.04,0.030506,19657.39,False,33
2023-04-28,2023-05-31,EICHERMOT.NS,3187.9448,3546.0828,644383.04,0.112341,72390.84,False,33
2023-04-28,2023-05-31,KOTAKBANK.NS,386.4216,401.6348,644383.04,0.039369,25368.99,False,33
2023-04-28,2023-05-31,BAJFINANCE.NS,618.4132,688.3035,644383.04,0.113016,72825.31,False,33
2023-05-31,2023-06-30,ADANIENT.NS,2489.9346,2384.7788,689360.66,-0.042232,-29113.31,False,30
2023-05-31,2023-06-30,HDFCLIFE.NS,586.7804,647.204,689360.66,0.102975,70986.76,False,30
2023-05-31,2023-06-30,INDUSINDBK.NS,1258.6652,1359.5565,689360.66,0.080157,55257.37,False,30
2023-05-31,2023-06-30,BAJFINANCE.NS,688.3035,708.1138,689360.66,0.028781,19840.73,False,30
2023-05-31,2023-06-30,EICHERMOT.NS,3546.0828,3457.3813,689360.66,-0.025014,-17243.61,False,30
2023-06-30,2023-07-31,DRREDDY.NS,1011.4702,1114.3813,709306.25,0.101744,72167.73,False,31
2023-06-30,2023-07-31,JSWSTEEL.NS,773.3514,808.2253,709306.25,0.045095,31985.87,False,31
2023-06-30,2023-07-31,LT.NS,2406.168,2606.2002,709306.25,0.083133,58966.83,False,31
2023-06-30,2023-07-31,APOLLOHOSP.NS,5056.0708,5130.6982,709306.25,0.01476,10469.34,False,31
2023-06-30,2023-07-31,HDFCLIFE.NS,647.204,642.8807,709306.25,-0.00668,-4738.14,False,31
2023-07-31,2023-08-31,CIPLA.NS,1152.8063,1233.8461,743076.58,0.070298,52236.68,False,31
2023-07-31,2023-08-31,NTPC.NS,201.3524,205.9932,743076.58,0.023048,17126.51,False,31
2023-07-31,2023-08-31,HEROMOTOCO.NS,2933.5754,2670.0876,743076.58,-0.089818,-66741.63,False,31
2023-07-31,2023-08-31,ONGC.NS,152.201,150.1304,743076.58,-0.013605,-10109.55,False,31
2023-07-31,2023-08-31,DRREDDY.NS,1114.3813,1107.9407,743076.58,-0.00578,-4294.68,False,31
2023-08-31,2023-09-29,TECHM.NS,1124.5696,1144.0775,740720.04,0.017347,12849.29,False,29
2023-08-31,2023-09-29,CIPLA.NS,1233.8461,1163.7456,740720.04,-0.056815,-42083.71,False,29
2023-08-31,2023-09-29,M&M.NS,1551.4839,1530.655,740720.04,-0.013425,-9944.26,False,29
2023-08-31,2023-09-29,INFY.NS,1334.1853,1334.1853,740720.04,0.0,0.0,False,29
2023-08-31,2023-09-29,HCLTECH.NS,1051.9393,1108.1641,740720.04,0.053449,39590.48,False,29
2023-09-29,2023-10-31,COALINDIA.NS,245.3362,261.1684,740802.4,0.064533,47805.91,False,32
2023-09-29,2023-10-31,LT.NS,2972.2476,2879.3508,740802.4,-0.031255,-23153.56,False,32
2023-09-29,2023-10-31,NTPC.NS,229.6034,220.4866,740802.4,-0.039707,-29414.81,False,32
2023-09-29,2023-10-31,ONGC.NS,165.3891,160.4753,740802.4,-0.029711,-22009.86,False,32
2023-09-29,2023-10-31,BAJAJ-AUTO.NS,4898.7246,5140.918,740802.4,0.04944,36625.33,False,32
2023-10-31,2023-11-30,NESTLEIND.NS,1177.2174,1184.1234,742773.0,0.005866,4357.39,False,30
2023-10-31,2023-11-30,COALINDIA.NS,261.1684,297.3975,742773.0,0.138719,103036.95,False,30
2023-10-31,2023-11-30,BAJAJ-AUTO.NS,5140.918,5892.1196,742773.0,0.146122,108535.54,False,30
2023-10-31,2023-11-30,SBILIFE.NS,1360.9119,1427.9698,742773.0,0.049274,36599.62,False,30
2023-10-31,2023-11-30,HCLTECH.NS,1156.0852,1214.8861,742773.0,0.050862,37778.98,False,30
2023-11-30,2023-12-29,IOC.NS,100.6039,116.8986,800834.7,0.161969,129710.2,False,29
2023-11-30,2023-12-29,BPCL.NS,185.5253,200.9569,800834.7,0.083178,66611.71,False,29
2023-11-30,2023-12-29,HEROMOTOCO.NS,3497.0413,3790.5176,800834.7,0.083921,67207.11,False,29
2023-11-30,2023-12-29,EICHERMOT.NS,3804.8596,4045.6353,800834.7,0.063281,50677.69,False,29
2023-11-30,2023-12-29,APOLLOHOSP.NS,5493.3657,5667.3882,800834.7,0.031679,25369.37,False,29
2023-12-29,2024-01-31,ADANIPORTS.NS,1015.0355,1196.6687,868749.91,0.178943,155456.5,False,33
2023-12-29,2024-01-31,ADANIENT.NS,2846.4253,3139.2158,868749.91,0.102863,89361.82,False,33
2023-12-29,2024-01-31,HINDALCO.NS,606.8947,571.8541,868749.91,-0.057738,-50159.54,False,33
2023-12-29,2024-01-31,NTPC.NS,293.7527,299.7477,868749.91,0.020408,17729.71,False,33
2023-12-29,2024-01-31,ULTRACEMCO.NS,10375.3652,10043.7451,868749.91,-0.031962,-27767.21,False,33
2024-01-31,2024-02-29,ONGC.NS,223.9674,238.3712,905674.17,0.064312,58245.65,False,29
2024-01-31,2024-02-29,ADANIPORTS.NS,1196.6687,1308.4926,905674.17,0.093446,84631.59,False,29
2024-01-31,2024-02-29,BHARTIARTL.NS,1154.5601,1107.8629,905674.17,-0.040446,-36630.75,False,29
2024-01-31,2024-02-29,IOC.NS,132.293,149.0379,905674.17,0.126574,114634.47,False,29
2024-01-31,2024-02-29,BAJAJ-AUTO.NS,7417.7407,7651.6631,905674.17,0.031536,28560.91,False,29
2024-02-29,2024-03-28,BPCL.NS,269.2729,268.6263,955562.55,-0.002401,-2294.38,False,28
2024-02-29,2024-03-28,M&M.NS,1903.0645,1892.182,955562.55,-0.005718,-5464.27,False,28
2024-02-29,2024-03-28,SBIN.NS,721.2786,725.3762,955562.55,0.005681,5428.57,False,28
2024-02-29,2024-03-28,IOC.NS,149.0379,151.0184,955562.55,0.013289,12698.45,False,28
2024-02-29,2024-03-28,SUNPHARMA.NS,1548.3512,1590.1521,955562.55,0.026997,25797.36,False,28
2024-03-28,2024-04-30,BAJAJ-AUTO.NS,8850.1035,8613.5693,962795.69,-0.026727,-25732.36,False,33
2024-03-28,2024-04-30,MARUTI.NS,12348.793,12561.6084,962795.69,0.017234,16592.53,False,33
2024-03-28,2024-04-30,BAJFINANCE.NS,716.4849,684.6718,962795.69,-0.044402,-42749.64,False,33
2024-03-28,2024-04-30,HINDALCO.NS,553.0012,636.0625,962795.69,0.150201,144612.78,False,33
2024-03-28,2024-04-30,TATASTEEL.NS,149.2905,158.0553,962795.69,0.05871,56525.95,False,33
2024-04-30,2024-05-31,DIVISLAB.NS,3959.9534,4261.521,992645.55,0.076154,75594.26,False,31
2024-04-30,2024-05-31,HINDALCO.NS,636.0625,680.4308,992645.55,0.069755,69241.69,False,31
2024-04-30,2024-05-31,EICHERMOT.NS,4488.8145,4621.6519,992645.55,0.029593,29375.34,False,31
2024-04-30,2024-05-31,M&M.NS,2123.6145,2468.2029,992645.55,0.162265,161071.66,False,31
2024-04-30,2024-05-31,AXISBANK.NS,1164.0062,1160.2622,992645.55,-0.003216,-3192.84,False,31
2024-05-31,2024-06-28,M&M.NS,2468.2029,2823.1313,1059063.57,0.1438,152293.72,False,28
2024-05-31,2024-06-28,HEROMOTOCO.NS,4790.6636,5221.1079,1059063.57,0.089851,95157.57,False,28
2024-05-31,2024-06-28,ADANIENT.NS,3408.3271,2897.0781,1059063.57,-0.15,-158859.54,True,28
2024-05-31,2024-06-28,ADANIPORTS.NS,1424.3296,1210.6802,1059063.57,-0.15,-158859.54,True,28
2024-05-31,2024-06-28,BRITANNIA.NS,5047.1025,5335.2764,1059063.57,0.057097,60469.23,False,28
2024-06-28,2024-07-31,ULTRACEMCO.NS,11526.0547,11812.3252,1057103.86,0.024837,26255.09,False,33
2024-06-28,2024-07-31,WIPRO.NS,241.3103,244.6616,1057103.86,0.013888,14680.59,False,33
2024-06-28,2024-07-31,TECHM.NS,1352.693,1497.2421,1057103.86,0.10686,112962.35,False,33
2024-06-28,2024-07-31,GRASIM.NS,2650.585,2756.0942,1057103.86,0.039806,42079.11,False,33
2024-06-28,2024-07-31,M&M.NS,2823.1313,2884.6248,1057103.86,0.021782,23025.82,False,33
2024-07-31,2024-08-30,ONGC.NS,301.0721,300.2785,1100904.46,-0.002636,-2901.81,False,30
2024-07-31,2024-08-30,HDFCLIFE.NS,713.5278,736.6638,1100904.46,0.032425,35696.69,False,30
2024-07-31,2024-08-30,INFY.NS,1794.1215,1866.5778,1100904.46,0.040385,44460.46,False,30
2024-07-31,2024-08-30,SBILIFE.NS,1747.8889,1844.2214,1100904.46,0.055114,60674.85,False,30
2024-07-31,2024-08-30,ITC.NS,451.6083,457.5799,1100904.46,0.013223,14557.19,False,30
2024-08-30,2024-09-30,BAJAJ-AUTO.NS,10622.3379,12040.7891,1131401.93,0.133535,151081.47,False,31
2024-08-30,2024-09-30,CIPLA.NS,1637.4087,1636.6171,1131401.93,-0.000483,-546.99,False,31
2024-08-30,2024-09-30,BAJAJFINSV.NS,1782.1818,1972.4391,1131401.93,0.106755,120783.14,False,31
2024-08-30,2024-09-30,BHARTIARTL.NS,1575.8759,1695.3768,1131401.93,0.075831,85795.87,False,31
2024-08-30,2024-09-30,HCLTECH.NS,1634.6665,1674.6183,1131401.93,0.02444,27651.83,False,31
2024-09-30,2024-10-31,BAJAJ-AUTO.NS,12040.7891,10234.6707,1208354.99,-0.15,-181253.25,True,31
2024-09-30,2024-10-31,BAJAJFINSV.NS,1972.4391,1749.8975,1208354.99,-0.112826,-136333.38,False,31
2024-09-30,2024-10-31,TATASTEEL.NS,164.7089,145.1744,1208354.99,-0.1186,-143310.75,False,31
2024-09-30,2024-10-31,M&M.NS,3070.2334,2706.8035,1208354.99,-0.118372,-143035.5,False,31
2024-09-30,2024-10-31,JSWSTEEL.NS,1027.2837,961.062,1208354.99,-0.064463,-77894.06,False,31
2024-10-31,2024-11-29,DIVISLAB.NS,5862.9536,6144.7207,1071989.6,0.048059,51518.64,False,29
2024-10-31,2024-11-29,SBIN.NS,804.0549,822.4359,1071989.6,0.02286,24505.98,False,29
2024-10-31,2024-11-29,TECHM.NS,1563.4152,1664.1506,1071989.6,0.064433,69071.47,False,29
2024-10-31,2024-11-29,WIPRO.NS,258.6288,270.8385,1071989.6,0.047209,50607.62,False,29
2024-10-31,2024-11-29,ICICIBANK.NS,1282.3552,1290.1451,1071989.6,0.006075,6512.01,False,29
2024-11-29,2024-12-30,M&M.NS,2942.4602,2978.9668,1112432.75,0.012407,13801.76,False,31
2024-11-29,2024-12-30,TCS.NS,4053.5952,3947.2446,1112432.75,-0.026236,-29185.91,False,31
2024-11-29,2024-12-30,TECHM.NS,1664.1506,1691.8978,1112432.75,0.016673,18548.13,False,31
2024-11-29,2024-12-30,INFY.NS,1804.4485,1851.2146,1112432.75,0.025917,28831.06,False,31
2024-11-29,2024-12-30,DIVISLAB.NS,6144.7207,6017.5996,1112432.75,-0.020688,-23013.85,False,31
